transaction_id,timestamp,source_suspect_id,target_suspect_id,amount_inr,channel,purpose,risk_flag
TXN00001,2026-08-01 00:00:00,SUS0109,SUS0144,75797.25,Bank Transfer,Goods,Normal
TXN00002,2026-08-02 01:07:00,SUS0014,SUS0038,80965.75,UPI,Loan,Normal
TXN00003,2026-08-03 02:14:00,SUS0032,SUS0102,88884.75,Cash Deposit,Consulting,Normal
TXN00004,2026-08-04 03:21:00,SUS0002,SUS0083,95428.5,Wallet,Unknown,Normal
TXN00005,2026-08-05 04:28:00,SUS0039,SUS0132,103347.5,Bank Transfer,Goods,Normal
TXN00006,2026-08-06 05:35:00,SUS0026,SUS0108,109891.25,UPI,Loan,Normal
TXN00007,2026-08-07 06:42:00,SUS0028,SUS0105,117810.25,Cash Deposit,Consulting,Normal
TXN00008,2026-08-08 07:49:00,SUS0041,SUS0118,125729.25,Wallet,Unknown,Normal
TXN00009,2026-08-09 08:56:00,SUS0103,SUS0105,133648.25,Bank Transfer,Goods,Normal
TXN00010,2026-08-10 09:03:00,SUS0027,SUS0071,141567.25,UPI,Loan,Normal
TXN00011,2026-08-11 10:10:00,SUS0032,SUS0074,148111.0,Cash Deposit,Consulting,Normal
TXN00012,2026-08-12 11:17:00,SUS0087,SUS0147,156030.0,Wallet,Unknown,Normal
TXN00013,2026-08-13 12:24:00,SUS0073,SUS0120,163949.0,Bank Transfer,Goods,Normal
TXN00014,2026-08-14 13:31:00,SUS0055,SUS0103,171868.0,UPI,Loan,Normal
TXN00015,2026-08-15 14:38:00,SUS0013,SUS0111,179787.0,Cash Deposit,Consulting,Normal
TXN00016,2026-08-16 15:45:00,SUS0113,SUS0115,187706.0,Wallet,Unknown,Normal
TXN00017,2026-08-17 16:52:00,SUS0033,SUS0072,195625.0,Bank Transfer,Goods,Normal
TXN00018,2026-08-18 17:59:00,SUS0022,SUS0107,203544.0,UPI,Loan,Normal
TXN00019,2026-08-19 18:06:00,SUS0071,SUS0141,211463.0,Cash Deposit,Consulting,Normal
TXN00020,2026-08-20 19:13:00,SUS0042,SUS0057,219382.0,Wallet,Unknown,Normal
TXN00021,2026-08-21 20:20:00,SUS0003,SUS0034,227301.0,Bank Transfer,Goods,Normal
TXN00022,2026-08-22 21:27:00,SUS0031,SUS0067,235220.0,UPI,Loan,Normal
TXN00023,2026-08-23 22:34:00,SUS0081,SUS0148,243139.0,Cash Deposit,Consulting,Normal
TXN00024,2026-08-24 00:41:00,SUS0056,SUS0115,249682.75,Wallet,Unknown,Normal
TXN00025,2026-08-25 01:48:00,SUS0087,SUS0088,257601.75,Bank Transfer,Goods,Normal
TXN00026,2026-08-26 02:55:00,SUS0099,SUS0123,265520.75,UPI,Loan,Normal
TXN00027,2026-08-27 03:02:00,SUS0059,SUS0084,273439.75,Cash Deposit,Consulting,Normal
TXN00028,2026-08-28 04:09:00,SUS0043,SUS0127,281358.75,Wallet,Unknown,Normal
TXN00029,2026-08-01 05:16:00,SUS0043,SUS0080,289277.75,Bank Transfer,Goods,Normal
TXN00030,2026-08-02 06:23:00,SUS0013,SUS0096,297196.75,UPI,Loan,Normal
TXN00031,2026-08-03 07:30:00,SUS0007,SUS0071,305115.75,Cash Deposit,Consulting,Normal
TXN00032,2026-08-04 08:37:00,SUS0059,SUS0087,313034.75,Wallet,Unknown,Normal
TXN00033,2026-08-05 09:44:00,SUS0032,SUS0082,320953.75,Bank Transfer,Goods,Normal
TXN00034,2026-08-06 10:51:00,SUS0002,SUS0101,328872.75,UPI,Loan,Normal
TXN00035,2026-08-07 11:58:00,SUS0058,SUS0069,336791.75,Cash Deposit,Consulting,Normal
TXN00036,2026-08-08 12:05:00,SUS0033,SUS0099,344710.75,Wallet,Unknown,Normal
TXN00037,2026-08-09 13:12:00,SUS0046,SUS0146,352629.75,Bank Transfer,Goods,Normal
TXN00038,2026-08-10 14:19:00,SUS0109,SUS0145,360548.75,UPI,Loan,Normal
TXN00039,2026-08-11 15:26:00,SUS0029,SUS0064,368467.75,Cash Deposit,Consulting,Normal
TXN00040,2026-08-12 16:33:00,SUS0050,SUS0070,376386.75,Wallet,Unknown,Normal
TXN00041,2026-08-13 17:40:00,SUS0038,SUS0134,384305.75,Bank Transfer,Goods,Normal
TXN00042,2026-08-14 18:47:00,SUS0058,SUS0111,392224.75,UPI,Loan,Normal
TXN00043,2026-08-15 19:54:00,SUS0104,SUS0139,400143.75,Cash Deposit,Consulting,Normal
TXN00044,2026-08-16 20:01:00,SUS0094,SUS0112,408062.75,Wallet,Unknown,Normal
TXN00045,2026-08-17 21:08:00,SUS0046,SUS0121,415981.75,Bank Transfer,Goods,Normal
TXN00046,2026-08-18 22:15:00,SUS0062,SUS0100,423900.75,UPI,Loan,Normal
TXN00047,2026-08-19 00:22:00,SUS0089,SUS0124,431819.75,Cash Deposit,Consulting,Normal
TXN00048,2026-08-20 01:29:00,SUS0032,SUS0044,439738.75,Wallet,Unknown,Normal
TXN00049,2026-08-21 02:36:00,SUS0062,SUS0071,447657.75,Bank Transfer,Goods,Normal
TXN00050,2026-08-22 03:43:00,SUS0086,SUS0139,455576.75,UPI,Loan,Normal
TXN00051,2026-08-23 04:50:00,SUS0138,SUS0143,463495.75,Cash Deposit,Consulting,Normal
TXN00052,2026-08-24 05:57:00,SUS0066,SUS0127,471414.75,Wallet,Unknown,Normal
TXN00053,2026-08-25 06:04:00,SUS0048,SUS0050,479333.75,Bank Transfer,Goods,Normal
TXN00054,2026-08-26 07:11:00,SUS0083,SUS0099,485877.5,UPI,Loan,Normal
TXN00055,2026-08-27 08:18:00,SUS0090,SUS0098,493796.5,Cash Deposit,Consulting,Normal
TXN00056,2026-08-28 09:25:00,SUS0063,SUS0139,501715.5,Wallet,Unknown,Normal
TXN00057,2026-08-01 10:32:00,SUS0029,SUS0055,509634.5,Bank Transfer,Goods,Normal
TXN00058,2026-08-02 11:39:00,SUS0008,SUS0067,517553.5,UPI,Loan,Normal
TXN00059,2026-08-03 12:46:00,SUS0026,SUS0098,525472.5,Cash Deposit,Consulting,Normal
TXN00060,2026-08-04 13:53:00,SUS0028,SUS0091,533391.5,Wallet,Unknown,Normal
TXN00061,2026-08-05 14:00:00,SUS0039,SUS0134,541310.5,Bank Transfer,Goods,Normal
TXN00062,2026-08-06 15:07:00,SUS0064,SUS0103,549229.5,UPI,Loan,Normal
TXN00063,2026-08-07 16:14:00,SUS0060,SUS0123,557148.5,Cash Deposit,Consulting,Normal
TXN00064,2026-08-08 17:21:00,SUS0068,SUS0145,565067.5,Wallet,Unknown,Normal
TXN00065,2026-08-09 18:28:00,SUS0063,SUS0113,572986.5,Bank Transfer,Goods,Normal
TXN00066,2026-08-10 19:35:00,SUS0083,SUS0101,580905.5,UPI,Loan,Normal
TXN00067,2026-08-11 20:42:00,SUS0026,SUS0066,588824.5,Cash Deposit,Consulting,Normal
TXN00068,2026-08-12 21:49:00,SUS0015,SUS0039,596743.5,Wallet,Unknown,Normal
TXN00069,2026-08-13 22:56:00,SUS0046,SUS0125,604662.5,Bank Transfer,Goods,Normal
TXN00070,2026-08-14 00:03:00,SUS0007,SUS0036,612581.5,UPI,Loan,Normal
TXN00071,2026-08-15 01:10:00,SUS0093,SUS0137,620500.5,Cash Deposit,Consulting,Normal
TXN00072,2026-08-16 02:17:00,SUS0002,SUS0033,628419.5,Wallet,Unknown,Normal
TXN00073,2026-08-17 03:24:00,SUS0114,SUS0145,636338.5,Bank Transfer,Goods,Normal
TXN00074,2026-08-18 04:31:00,SUS0054,SUS0073,644257.5,UPI,Loan,Normal
TXN00075,2026-08-19 05:38:00,SUS0012,SUS0030,652176.5,Cash Deposit,Consulting,Normal
TXN00076,2026-08-20 06:45:00,SUS0043,SUS0108,660095.5,Wallet,Unknown,Normal
TXN00077,2026-08-21 07:52:00,SUS0001,SUS0032,668014.5,Bank Transfer,Goods,Normal
TXN00078,2026-08-22 08:59:00,SUS0054,SUS0061,675933.5,UPI,Loan,Normal
TXN00079,2026-08-23 09:06:00,SUS0078,SUS0150,683852.5,Cash Deposit,Consulting,Normal
TXN00080,2026-08-24 10:13:00,SUS0004,SUS0071,691771.5,Wallet,Unknown,Normal
TXN00081,2026-08-25 11:20:00,SUS0089,SUS0111,699690.5,Bank Transfer,Goods,Normal
TXN00082,2026-08-26 12:27:00,SUS0002,SUS0060,707609.5,UPI,Loan,Normal
TXN00083,2026-08-27 13:34:00,SUS0022,SUS0131,715528.5,Cash Deposit,Consulting,Normal
TXN00084,2026-08-28 14:41:00,SUS0012,SUS0095,723447.5,Wallet,Unknown,Normal
TXN00085,2026-08-01 15:48:00,SUS0029,SUS0150,731366.5,Bank Transfer,Goods,Normal
TXN00086,2026-08-02 16:55:00,SUS0078,SUS0129,739285.5,UPI,Loan,Normal
TXN00087,2026-08-03 17:02:00,SUS0080,SUS0108,747204.5,Cash Deposit,Consulting,Normal
TXN00088,2026-08-04 18:09:00,SUS0057,SUS0140,755123.5,Wallet,Unknown,Normal
TXN00089,2026-08-05 19:16:00,SUS0041,SUS0148,763042.5,Bank Transfer,Goods,Normal
TXN00090,2026-08-06 20:23:00,SUS0084,SUS0147,769586.25,UPI,Loan,Normal
TXN00091,2026-08-07 21:30:00,SUS0058,SUS0148,777505.25,Cash Deposit,Consulting,Normal
TXN00092,2026-08-08 22:37:00,SUS0054,SUS0094,785424.25,Wallet,Unknown,Normal
TXN00093,2026-08-09 00:44:00,SUS0137,SUS0149,793343.25,Bank Transfer,Goods,Normal
TXN00094,2026-08-10 01:51:00,SUS0083,SUS0123,801262.25,UPI,Loan,Normal
TXN00095,2026-08-11 02:58:00,SUS0075,SUS0145,809181.25,Cash Deposit,Consulting,Normal
TXN00096,2026-08-12 03:05:00,SUS0050,SUS0084,817100.25,Wallet,Unknown,Normal
TXN00097,2026-08-13 04:12:00,SUS0013,SUS0089,825019.25,Bank Transfer,Goods,Normal
TXN00098,2026-08-14 05:19:00,SUS0026,SUS0043,832938.25,UPI,Loan,Normal
TXN00099,2026-08-15 06:26:00,SUS0033,SUS0083,840857.25,Cash Deposit,Consulting,Normal
TXN00100,2026-08-16 07:33:00,SUS0044,SUS0074,848776.25,Wallet,Unknown,Normal
TXN00101,2026-08-17 08:40:00,SUS0023,SUS0096,856695.25,Bank Transfer,Goods,Normal
TXN00102,2026-08-18 09:47:00,SUS0035,SUS0044,864614.25,UPI,Loan,Normal
TXN00103,2026-08-19 10:54:00,SUS0051,SUS0080,872533.25,Cash Deposit,Consulting,Normal
TXN00104,2026-08-20 11:01:00,SUS0045,SUS0090,880452.25,Wallet,Unknown,Normal
TXN00105,2026-08-21 12:08:00,SUS0088,SUS0147,888371.25,Bank Transfer,Goods,Normal
TXN00106,2026-08-22 13:15:00,SUS0027,SUS0062,896290.25,UPI,Loan,Normal
TXN00107,2026-08-23 14:22:00,SUS0019,SUS0081,904209.25,Cash Deposit,Consulting,Normal
TXN00108,2026-08-24 15:29:00,SUS0018,SUS0122,912128.25,Wallet,Unknown,Normal
TXN00109,2026-08-25 16:36:00,SUS0015,SUS0132,920047.25,Bank Transfer,Goods,Normal
TXN00110,2026-08-26 17:43:00,SUS0034,SUS0097,927966.25,UPI,Loan,Normal
TXN00111,2026-08-27 18:50:00,SUS0091,SUS0150,935885.25,Cash Deposit,Consulting,Normal
TXN00112,2026-08-28 19:57:00,SUS0118,SUS0124,943804.25,Wallet,Unknown,Normal
TXN00113,2026-08-01 20:04:00,SUS0027,SUS0137,951723.25,Bank Transfer,Goods,Normal
TXN00114,2026-08-02 21:11:00,SUS0116,SUS0149,959642.25,UPI,Loan,Normal
TXN00115,2026-08-03 22:18:00,SUS0043,SUS0045,967561.25,Cash Deposit,Consulting,Normal
TXN00116,2026-08-04 00:25:00,SUS0109,SUS0121,975480.25,Wallet,Unknown,Normal
TXN00117,2026-08-05 01:32:00,SUS0025,SUS0104,983399.25,Bank Transfer,Goods,Normal
TXN00118,2026-08-06 02:39:00,SUS0053,SUS0097,991318.25,UPI,Loan,Normal
TXN00119,2026-08-07 03:46:00,SUS0084,SUS0092,999237.25,Cash Deposit,Consulting,Normal
TXN00120,2026-08-08 04:53:00,SUS0012,SUS0126,1007156.25,Wallet,Unknown,Normal
TXN00121,2026-08-09 05:00:00,SUS0037,SUS0126,1015075.25,Bank Transfer,Goods,Normal
TXN00122,2026-08-10 06:07:00,SUS0011,SUS0117,1022994.25,UPI,Loan,Normal
TXN00123,2026-08-11 07:14:00,SUS0103,SUS0150,1030913.25,Cash Deposit,Consulting,Normal
TXN00124,2026-08-12 08:21:00,SUS0004,SUS0116,1038832.25,Wallet,Unknown,Normal
TXN00125,2026-08-13 09:28:00,SUS0114,SUS0121,1046751.25,Bank Transfer,Goods,Normal
TXN00126,2026-08-14 10:35:00,SUS0033,SUS0123,1054670.25,UPI,Loan,Normal
TXN00127,2026-08-15 11:42:00,SUS0009,SUS0088,1062589.25,Cash Deposit,Consulting,Normal
TXN00128,2026-08-16 12:49:00,SUS0122,SUS0126,1070508.25,Wallet,Unknown,Normal
TXN00129,2026-08-17 13:56:00,SUS0065,SUS0104,1078427.25,Bank Transfer,Goods,Normal
TXN00130,2026-08-18 14:03:00,SUS0068,SUS0125,1086346.25,UPI,Loan,Normal
TXN00131,2026-08-19 15:10:00,SUS0112,SUS0117,1094265.25,Cash Deposit,Consulting,Normal
TXN00132,2026-08-20 16:17:00,SUS0072,SUS0099,1102184.25,Wallet,Unknown,Normal
TXN00133,2026-08-21 17:24:00,SUS0070,SUS0088,1110103.25,Bank Transfer,Goods,Normal
TXN00134,2026-08-22 18:31:00,SUS0008,SUS0094,1118022.25,UPI,Loan,Normal
TXN00135,2026-08-23 19:38:00,SUS0077,SUS0139,1125941.25,Cash Deposit,Consulting,Normal
TXN00136,2026-08-24 20:45:00,SUS0025,SUS0133,1133860.25,Wallet,Unknown,Normal
TXN00137,2026-08-25 21:52:00,SUS0112,SUS0135,1141779.25,Bank Transfer,Goods,Normal
TXN00138,2026-08-26 22:59:00,SUS0070,SUS0084,1149698.25,UPI,Loan,Normal
TXN00139,2026-08-27 00:06:00,SUS0071,SUS0137,1157617.25,Cash Deposit,Consulting,Normal
TXN00140,2026-08-28 01:13:00,SUS0016,SUS0054,1165536.25,Wallet,Unknown,Normal
TXN00141,2026-08-01 02:20:00,SUS0041,SUS0069,1173455.25,Bank Transfer,Goods,Normal
TXN00142,2026-08-02 03:27:00,SUS0001,SUS0097,1181374.25,UPI,Loan,Normal
TXN00143,2026-08-03 04:34:00,SUS0022,SUS0122,1189293.25,Cash Deposit,Consulting,Normal
TXN00144,2026-08-04 05:41:00,SUS0028,SUS0150,1197212.25,Wallet,Unknown,Normal
TXN00145,2026-08-05 06:48:00,SUS0011,SUS0073,1205131.25,Bank Transfer,Goods,Normal
TXN00146,2026-08-06 07:55:00,SUS0029,SUS0078,1213050.25,UPI,Loan,Normal
TXN00147,2026-08-07 08:02:00,SUS0003,SUS0102,1220969.25,Cash Deposit,Consulting,Normal
TXN00148,2026-08-08 09:09:00,SUS0041,SUS0058,1228888.25,Wallet,Unknown,Normal
TXN00149,2026-08-09 10:16:00,SUS0106,SUS0142,1236807.25,Bank Transfer,Goods,Normal
TXN00150,2026-08-10 11:23:00,SUS0031,SUS0061,1244726.25,UPI,Loan,Normal
TXN00151,2026-08-11 12:30:00,SUS0046,SUS0114,1252645.25,Cash Deposit,Consulting,Normal
TXN00152,2026-08-12 13:37:00,SUS0067,SUS0120,1260564.25,Wallet,Unknown,Normal
TXN00153,2026-08-13 14:44:00,SUS0024,SUS0147,1268483.25,Bank Transfer,Goods,Normal
TXN00154,2026-08-14 15:51:00,SUS0042,SUS0139,1276402.25,UPI,Loan,Normal
TXN00155,2026-08-15 16:58:00,SUS0001,SUS0034,1284321.25,Cash Deposit,Consulting,Normal
TXN00156,2026-08-16 17:05:00,SUS0078,SUS0091,1292240.25,Wallet,Unknown,Normal
TXN00157,2026-08-17 18:12:00,SUS0113,SUS0139,1300159.25,Bank Transfer,Goods,Normal
TXN00158,2026-08-18 19:19:00,SUS0013,SUS0058,1308078.25,UPI,Loan,Normal
TXN00159,2026-08-19 20:26:00,SUS0011,SUS0135,1315997.25,Cash Deposit,Consulting,Normal
TXN00160,2026-08-20 21:33:00,SUS0108,SUS0127,1323916.25,Wallet,Unknown,Normal
TXN00161,2026-08-21 22:40:00,SUS0131,SUS0142,1331835.25,Bank Transfer,Goods,Normal
TXN00162,2026-08-22 00:47:00,SUS0061,SUS0112,1339754.25,UPI,Loan,Normal
TXN00163,2026-08-23 01:54:00,SUS0059,SUS0147,1346298.0,Cash Deposit,Consulting,Normal
TXN00164,2026-08-24 02:01:00,SUS0038,SUS0132,1354217.0,Wallet,Unknown,Normal
TXN00165,2026-08-25 03:08:00,SUS0007,SUS0137,1362136.0,Bank Transfer,Goods,Normal
TXN00166,2026-08-26 04:15:00,SUS0075,SUS0114,1370055.0,UPI,Loan,Normal
TXN00167,2026-08-27 05:22:00,SUS0049,SUS0113,1377974.0,Cash Deposit,Consulting,Normal
TXN00168,2026-08-28 06:29:00,SUS0080,SUS0127,1385893.0,Wallet,Unknown,Normal
TXN00169,2026-08-01 07:36:00,SUS0073,SUS0094,1393812.0,Bank Transfer,Goods,Normal
TXN00170,2026-08-02 08:43:00,SUS0078,SUS0105,1401731.0,UPI,Loan,Normal
TXN00171,2026-08-03 09:50:00,SUS0062,SUS0137,1409650.0,Cash Deposit,Consulting,Normal
TXN00172,2026-08-04 10:57:00,SUS0042,SUS0140,1417569.0,Wallet,Unknown,Normal
TXN00173,2026-08-05 11:04:00,SUS0020,SUS0096,1425488.0,Bank Transfer,Goods,Normal
TXN00174,2026-08-06 12:11:00,SUS0015,SUS0079,1433407.0,UPI,Loan,Normal
TXN00175,2026-08-07 13:18:00,SUS0046,SUS0075,1441326.0,Cash Deposit,Consulting,Normal
TXN00176,2026-08-08 14:25:00,SUS0107,SUS0126,1449245.0,Wallet,Unknown,Normal
TXN00177,2026-08-09 15:32:00,SUS0133,SUS0139,1457164.0,Bank Transfer,Goods,Normal
TXN00178,2026-08-10 16:39:00,SUS0001,SUS0082,1465083.0,UPI,Loan,Normal
TXN00179,2026-08-11 17:46:00,SUS0047,SUS0138,1473002.0,Cash Deposit,Consulting,Normal
TXN00180,2026-08-12 18:53:00,SUS0028,SUS0129,1480921.0,Wallet,Unknown,Normal
TXN00181,2026-08-13 19:00:00,SUS0101,SUS0123,1488840.0,Bank Transfer,Goods,Normal
TXN00182,2026-08-14 20:07:00,SUS0090,SUS0127,1496759.0,UPI,Loan,Normal
TXN00183,2026-08-15 21:14:00,SUS0024,SUS0070,1504678.0,Cash Deposit,Consulting,Normal
TXN00184,2026-08-16 22:21:00,SUS0034,SUS0044,1512597.0,Wallet,Unknown,Normal
TXN00185,2026-08-17 00:28:00,SUS0043,SUS0066,1520516.0,Bank Transfer,Goods,Normal
TXN00186,2026-08-18 01:35:00,SUS0145,SUS0146,1528435.0,UPI,Loan,Normal
TXN00187,2026-08-19 02:42:00,SUS0034,SUS0053,1536354.0,Cash Deposit,Consulting,Normal
TXN00188,2026-08-20 03:49:00,SUS0031,SUS0094,1544273.0,Wallet,Unknown,Normal
TXN00189,2026-08-21 04:56:00,SUS0085,SUS0125,1552192.0,Bank Transfer,Goods,Normal
TXN00190,2026-08-22 05:03:00,SUS0001,SUS0136,1560111.0,UPI,Loan,Normal
TXN00191,2026-08-23 06:10:00,SUS0122,SUS0147,1568030.0,Cash Deposit,Consulting,Normal
TXN00192,2026-08-24 07:17:00,SUS0021,SUS0146,1575949.0,Wallet,Unknown,Normal
TXN00193,2026-08-25 08:24:00,SUS0023,SUS0081,1583868.0,Bank Transfer,Goods,Normal
TXN00194,2026-08-26 09:31:00,SUS0050,SUS0088,1591787.0,UPI,Loan,Normal
TXN00195,2026-08-27 10:38:00,SUS0049,SUS0065,1599706.0,Cash Deposit,Consulting,Normal
TXN00196,2026-08-28 11:45:00,SUS0120,SUS0135,1607625.0,Wallet,Unknown,Normal
TXN00197,2026-08-01 12:52:00,SUS0065,SUS0113,1615544.0,Bank Transfer,Goods,Normal
TXN00198,2026-08-02 13:59:00,SUS0028,SUS0103,1623463.0,UPI,Loan,Normal
TXN00199,2026-08-03 14:06:00,SUS0081,SUS0111,1631382.0,Cash Deposit,Consulting,Normal
TXN00200,2026-08-04 15:13:00,SUS0013,SUS0023,1639301.0,Wallet,Unknown,Normal
TXN00201,2026-08-05 16:20:00,SUS0059,SUS0070,1647220.0,Bank Transfer,Goods,Normal
TXN00202,2026-08-06 17:27:00,SUS0068,SUS0144,1655139.0,UPI,Loan,Normal
TXN00203,2026-08-07 18:34:00,SUS0038,SUS0079,1663058.0,Cash Deposit,Consulting,Normal
TXN00204,2026-08-08 19:41:00,SUS0080,SUS0135,1670977.0,Wallet,Unknown,Normal
TXN00205,2026-08-09 20:48:00,SUS0028,SUS0029,1678896.0,Bank Transfer,Goods,Normal
TXN00206,2026-08-10 21:55:00,SUS0053,SUS0136,1686815.0,UPI,Loan,Normal
TXN00207,2026-08-11 22:02:00,SUS0010,SUS0138,1694734.0,Cash Deposit,Consulting,Normal
TXN00208,2026-08-12 00:09:00,SUS0040,SUS0061,1702653.0,Wallet,Unknown,Normal
TXN00209,2026-08-13 01:16:00,SUS0072,SUS0101,1710572.0,Bank Transfer,Goods,Normal
TXN00210,2026-08-14 02:23:00,SUS0009,SUS0147,1718491.0,UPI,Loan,Normal
TXN00211,2026-08-15 03:30:00,SUS0068,SUS0075,1726410.0,Cash Deposit,Consulting,Normal
TXN00212,2026-08-16 04:37:00,SUS0046,SUS0144,1734329.0,Wallet,Unknown,Normal
TXN00213,2026-08-17 05:44:00,SUS0055,SUS0150,1742248.0,Bank Transfer,Goods,Normal
TXN00214,2026-08-18 06:51:00,SUS0066,SUS0098,1750167.0,UPI,Loan,Normal
TXN00215,2026-08-19 07:58:00,SUS0028,SUS0064,1758086.0,Cash Deposit,Consulting,Normal
TXN00216,2026-08-20 08:05:00,SUS0007,SUS0027,1766005.0,Wallet,Unknown,Normal
TXN00217,2026-08-21 09:12:00,SUS0119,SUS0134,1773924.0,Bank Transfer,Goods,Normal
TXN00218,2026-08-22 10:19:00,SUS0003,SUS0136,1781843.0,UPI,Loan,Normal
TXN00219,2026-08-23 11:26:00,SUS0092,SUS0147,1789762.0,Cash Deposit,Consulting,Normal
TXN00220,2026-08-24 12:33:00,SUS0080,SUS0090,1797681.0,Wallet,Unknown,Normal
TXN00221,2026-08-25 13:40:00,SUS0006,SUS0011,1805600.0,Bank Transfer,Goods,Normal
TXN00222,2026-08-26 14:47:00,SUS0024,SUS0048,1813519.0,UPI,Loan,Normal
TXN00223,2026-08-27 15:54:00,SUS0091,SUS0105,1821438.0,Cash Deposit,Consulting,Normal
TXN00224,2026-08-28 16:01:00,SUS0049,SUS0063,1829357.0,Wallet,Unknown,Normal
TXN00225,2026-08-01 17:08:00,SUS0119,SUS0132,1837276.0,Bank Transfer,Goods,Normal
TXN00226,2026-08-02 18:15:00,SUS0023,SUS0069,1845195.0,UPI,Loan,Normal
TXN00227,2026-08-03 19:22:00,SUS0031,SUS0040,1853114.0,Cash Deposit,Consulting,Normal
TXN00228,2026-08-04 20:29:00,SUS0072,SUS0123,1861033.0,Wallet,Unknown,Normal
TXN00229,2026-08-05 21:36:00,SUS0103,SUS0129,1868952.0,Bank Transfer,Goods,Normal
TXN00230,2026-08-06 22:43:00,SUS0018,SUS0110,1876871.0,UPI,Loan,Normal
TXN00231,2026-08-07 00:50:00,SUS0001,SUS0089,1884790.0,Cash Deposit,Consulting,Normal
TXN00232,2026-08-08 01:57:00,SUS0036,SUS0137,1892709.0,Wallet,Unknown,Normal
TXN00233,2026-08-09 02:04:00,SUS0049,SUS0056,1900628.0,Bank Transfer,Goods,Normal
TXN00234,2026-08-10 03:11:00,SUS0054,SUS0117,1908547.0,UPI,Loan,Normal
TXN00235,2026-08-11 04:18:00,SUS0012,SUS0017,1916466.0,Cash Deposit,Consulting,Normal
TXN00236,2026-08-12 05:25:00,SUS0049,SUS0104,1924385.0,Wallet,Unknown,Normal
TXN00237,2026-08-13 06:32:00,SUS0053,SUS0074,1932304.0,Bank Transfer,Goods,Normal
TXN00238,2026-08-14 07:39:00,SUS0019,SUS0124,1940223.0,UPI,Loan,Normal
TXN00239,2026-08-15 08:46:00,SUS0063,SUS0133,1948142.0,Cash Deposit,Consulting,Normal
TXN00240,2026-08-16 09:53:00,SUS0024,SUS0092,1956061.0,Wallet,Unknown,Normal
TXN00241,2026-08-17 10:00:00,SUS0010,SUS0017,1963980.0,Bank Transfer,Goods,Normal
TXN00242,2026-08-18 11:07:00,SUS0002,SUS0123,1971899.0,UPI,Loan,Normal
TXN00243,2026-08-19 12:14:00,SUS0062,SUS0093,1979818.0,Cash Deposit,Consulting,Normal
TXN00244,2026-08-20 13:21:00,SUS0008,SUS0117,1987737.0,Wallet,Unknown,Normal
TXN00245,2026-08-21 14:28:00,SUS0082,SUS0130,1995656.0,Bank Transfer,Goods,Normal
TXN00246,2026-08-22 15:35:00,SUS0026,SUS0090,2003575.0,UPI,Loan,Normal
TXN00247,2026-08-23 16:42:00,SUS0014,SUS0132,2011494.0,Cash Deposit,Consulting,Normal
TXN00248,2026-08-24 17:49:00,SUS0036,SUS0141,2019413.0,Wallet,Unknown,Normal
TXN00249,2026-08-25 18:56:00,SUS0013,SUS0068,2027332.0,Bank Transfer,Goods,Normal
TXN00250,2026-08-26 19:03:00,SUS0006,SUS0031,2035251.0,UPI,Loan,Normal
TXN00251,2026-08-27 20:10:00,SUS0119,SUS0127,2043170.0,Cash Deposit,Consulting,Normal
TXN00252,2026-08-28 21:17:00,SUS0029,SUS0129,2051089.0,Wallet,Unknown,Normal
TXN00253,2026-08-01 22:24:00,SUS0033,SUS0052,2059008.0,Bank Transfer,Goods,Normal
TXN00254,2026-08-02 00:31:00,SUS0031,SUS0052,2066927.0,UPI,Loan,Normal
TXN00255,2026-08-03 01:38:00,SUS0064,SUS0081,2074846.0,Cash Deposit,Consulting,Normal
TXN00256,2026-08-04 02:45:00,SUS0027,SUS0036,2082765.0,Wallet,Unknown,Normal
TXN00257,2026-08-05 03:52:00,SUS0012,SUS0128,2090684.0,Bank Transfer,Goods,Normal
TXN00258,2026-08-06 04:59:00,SUS0010,SUS0030,2098603.0,UPI,Loan,Normal
TXN00259,2026-08-07 05:06:00,SUS0042,SUS0086,2106522.0,Cash Deposit,Consulting,Normal
TXN00260,2026-08-08 06:13:00,SUS0020,SUS0089,2114441.0,Wallet,Unknown,Normal
TXN00261,2026-08-09 07:20:00,SUS0030,SUS0047,2122360.0,Bank Transfer,Goods,Normal
TXN00262,2026-08-10 08:27:00,SUS0096,SUS0118,2130279.0,UPI,Loan,Normal
TXN00263,2026-08-11 09:34:00,SUS0054,SUS0111,2138198.0,Cash Deposit,Consulting,Normal
TXN00264,2026-08-12 10:41:00,SUS0048,SUS0088,2146117.0,Wallet,Unknown,Normal
TXN00265,2026-08-13 11:48:00,SUS0113,SUS0133,2154036.0,Bank Transfer,Goods,Normal
TXN00266,2026-08-14 12:55:00,SUS0056,SUS0063,2161955.0,UPI,Loan,Normal
TXN00267,2026-08-15 13:02:00,SUS0098,SUS0108,2169874.0,Cash Deposit,Consulting,Normal
TXN00268,2026-08-16 14:09:00,SUS0018,SUS0126,2177793.0,Wallet,Unknown,Normal
TXN00269,2026-08-17 15:16:00,SUS0093,SUS0100,2185712.0,Bank Transfer,Goods,Normal
TXN00270,2026-08-18 16:23:00,SUS0001,SUS0085,2193631.0,UPI,Loan,Normal
TXN00271,2026-08-19 17:30:00,SUS0071,SUS0073,2201550.0,Cash Deposit,Consulting,Normal
TXN00272,2026-08-20 18:37:00,SUS0005,SUS0077,2209469.0,Wallet,Unknown,Normal
TXN00273,2026-08-21 19:44:00,SUS0054,SUS0141,2217388.0,Bank Transfer,Goods,Normal
TXN00274,2026-08-22 20:51:00,SUS0005,SUS0065,2225307.0,UPI,Loan,Normal
TXN00275,2026-08-23 21:58:00,SUS0110,SUS0126,2233226.0,Cash Deposit,Consulting,Normal
TXN00276,2026-08-24 22:05:00,SUS0077,SUS0104,2241145.0,Wallet,Unknown,Normal
TXN00277,2026-08-25 00:12:00,SUS0010,SUS0022,2249064.0,Bank Transfer,Goods,Normal
TXN00278,2026-08-26 01:19:00,SUS0017,SUS0132,2256983.0,UPI,Loan,Normal
TXN00279,2026-08-27 02:26:00,SUS0111,SUS0150,2264902.0,Cash Deposit,Consulting,Normal
TXN00280,2026-08-28 03:33:00,SUS0093,SUS0116,2272821.0,Wallet,Unknown,Normal
TXN00281,2026-08-01 04:40:00,SUS0055,SUS0091,2280740.0,Bank Transfer,Goods,Normal
TXN00282,2026-08-02 05:47:00,SUS0110,SUS0114,2288659.0,UPI,Loan,Normal
TXN00283,2026-08-03 06:54:00,SUS0070,SUS0092,2296578.0,Cash Deposit,Consulting,Normal
TXN00284,2026-08-04 07:01:00,SUS0023,SUS0089,2304497.0,Wallet,Unknown,Normal
TXN00285,2026-08-05 08:08:00,SUS0090,SUS0144,2312416.0,Bank Transfer,Goods,Normal
TXN00286,2026-08-06 09:15:00,SUS0045,SUS0051,2320335.0,UPI,Loan,Normal
TXN00287,2026-08-07 10:22:00,SUS0015,SUS0038,2328254.0,Cash Deposit,Consulting,Normal
TXN00288,2026-08-08 11:29:00,SUS0032,SUS0085,2336173.0,Wallet,Unknown,Normal
TXN00289,2026-08-09 12:36:00,SUS0029,SUS0040,2344092.0,Bank Transfer,Goods,Normal
TXN00290,2026-08-10 13:43:00,SUS0024,SUS0085,2352011.0,UPI,Loan,Normal
TXN00291,2026-08-11 14:50:00,SUS0070,SUS0147,2359930.0,Cash Deposit,Consulting,Normal
TXN00292,2026-08-12 15:57:00,SUS0034,SUS0074,2366473.75,Wallet,Unknown,Normal
TXN00293,2026-08-13 16:04:00,SUS0027,SUS0133,2374392.75,Bank Transfer,Goods,Normal
TXN00294,2026-08-14 17:11:00,SUS0026,SUS0082,2382311.75,UPI,Loan,Normal
TXN00295,2026-08-15 18:18:00,SUS0061,SUS0135,2390230.75,Cash Deposit,Consulting,Normal
TXN00296,2026-08-16 19:25:00,SUS0035,SUS0053,2398149.75,Wallet,Unknown,Normal
TXN00297,2026-08-17 20:32:00,SUS0102,SUS0136,2406068.75,Bank Transfer,Goods,Normal
TXN00298,2026-08-18 21:39:00,SUS0009,SUS0087,2413987.75,UPI,Loan,Normal
TXN00299,2026-08-19 22:46:00,SUS0058,SUS0089,2421906.75,Cash Deposit,Consulting,Normal
TXN00300,2026-08-20 00:53:00,SUS0005,SUS0104,2429825.75,Wallet,Unknown,Normal
TXN00301,2026-08-21 01:00:00,SUS0054,SUS0074,2437744.75,Bank Transfer,Goods,Normal
TXN00302,2026-08-22 02:07:00,SUS0071,SUS0149,2445663.75,UPI,Loan,Normal
TXN00303,2026-08-23 03:14:00,SUS0023,SUS0124,2453582.75,Cash Deposit,Consulting,Normal
TXN00304,2026-08-24 04:21:00,SUS0076,SUS0095,2461501.75,Wallet,Unknown,Normal
TXN00305,2026-08-25 05:28:00,SUS0056,SUS0064,2469420.75,Bank Transfer,Goods,Normal
TXN00306,2026-08-26 06:35:00,SUS0039,SUS0119,2477339.75,UPI,Loan,Normal
TXN00307,2026-08-27 07:42:00,SUS0014,SUS0119,2485258.75,Cash Deposit,Consulting,Normal
TXN00308,2026-08-28 08:49:00,SUS0149,SUS0150,2493177.75,Wallet,Unknown,Normal
TXN00309,2026-08-01 09:56:00,SUS0021,SUS0121,2501096.75,Bank Transfer,Goods,Normal
TXN00310,2026-08-02 10:03:00,SUS0130,SUS0136,2509015.75,UPI,Loan,Normal
TXN00311,2026-08-03 11:10:00,SUS0027,SUS0100,2516934.75,Cash Deposit,Consulting,Normal
TXN00312,2026-08-04 12:17:00,SUS0085,SUS0146,2524853.75,Wallet,Unknown,Normal
TXN00313,2026-08-05 13:24:00,SUS0052,SUS0054,2532772.75,Bank Transfer,Goods,Normal
TXN00314,2026-08-06 14:31:00,SUS0075,SUS0113,2540691.75,UPI,Loan,Normal
TXN00315,2026-08-07 15:38:00,SUS0030,SUS0107,2548610.75,Cash Deposit,Consulting,Normal
TXN00316,2026-08-08 16:45:00,SUS0056,SUS0113,2556529.75,Wallet,Unknown,Normal
TXN00317,2026-08-09 17:52:00,SUS0011,SUS0054,2564448.75,Bank Transfer,Goods,Normal
TXN00318,2026-08-10 18:59:00,SUS0026,SUS0051,2572367.75,UPI,Loan,Normal
TXN00319,2026-08-11 19:06:00,SUS0025,SUS0042,2580286.75,Cash Deposit,Consulting,Normal
TXN00320,2026-08-12 20:13:00,SUS0004,SUS0007,2588205.75,Wallet,Unknown,Normal
TXN00321,2026-08-13 21:20:00,SUS0022,SUS0047,2596124.75,Bank Transfer,Goods,Normal
TXN00322,2026-08-14 22:27:00,SUS0090,SUS0108,2604043.75,UPI,Loan,Normal
TXN00323,2026-08-15 00:34:00,SUS0012,SUS0060,2611962.75,Cash Deposit,Consulting,Normal
TXN00324,2026-08-16 01:41:00,SUS0052,SUS0117,2619881.75,Wallet,Unknown,Normal
TXN00325,2026-08-17 02:48:00,SUS0005,SUS0139,2627800.75,Bank Transfer,Goods,Normal
TXN00326,2026-08-18 03:55:00,SUS0049,SUS0086,2635719.75,UPI,Loan,Normal
TXN00327,2026-08-19 04:02:00,SUS0046,SUS0068,2643638.75,Cash Deposit,Consulting,Normal
TXN00328,2026-08-20 05:09:00,SUS0014,SUS0015,2651557.75,Wallet,Unknown,Normal
TXN00329,2026-08-21 06:16:00,SUS0096,SUS0148,2659476.75,Bank Transfer,Goods,Normal
TXN00330,2026-08-22 07:23:00,SUS0077,SUS0133,2667395.75,UPI,Loan,Normal
TXN00331,2026-08-23 08:30:00,SUS0036,SUS0149,2675314.75,Cash Deposit,Consulting,Normal
TXN00332,2026-08-24 09:37:00,SUS0005,SUS0049,2683233.75,Wallet,Unknown,Normal
TXN00333,2026-08-25 10:44:00,SUS0041,SUS0111,2691152.75,Bank Transfer,Goods,Normal
TXN00334,2026-08-26 11:51:00,SUS0013,SUS0118,2699071.75,UPI,Loan,Normal
TXN00335,2026-08-27 12:58:00,SUS0064,SUS0105,2706990.75,Cash Deposit,Consulting,Normal
TXN00336,2026-08-28 13:05:00,SUS0058,SUS0144,2714909.75,Wallet,Unknown,Normal
TXN00337,2026-08-01 14:12:00,SUS0036,SUS0072,2722828.75,Bank Transfer,Goods,Normal
TXN00338,2026-08-02 15:19:00,SUS0010,SUS0142,2730747.75,UPI,Loan,Normal
TXN00339,2026-08-03 16:26:00,SUS0020,SUS0124,2738666.75,Cash Deposit,Consulting,Normal
TXN00340,2026-08-04 17:33:00,SUS0079,SUS0132,2746585.75,Wallet,Unknown,Normal
TXN00341,2026-08-05 18:40:00,SUS0040,SUS0092,2754504.75,Bank Transfer,Goods,Normal
TXN00342,2026-08-06 19:47:00,SUS0045,SUS0138,2762423.75,UPI,Loan,Normal
TXN00343,2026-08-07 20:54:00,SUS0074,SUS0102,2770342.75,Cash Deposit,Consulting,Normal
TXN00344,2026-08-08 21:01:00,SUS0046,SUS0139,2778261.75,Wallet,Unknown,Normal
TXN00345,2026-08-09 22:08:00,SUS0060,SUS0083,2786180.75,Bank Transfer,Goods,Normal
TXN00346,2026-08-10 00:15:00,SUS0030,SUS0110,2794099.75,UPI,Loan,Normal
TXN00347,2026-08-11 01:22:00,SUS0024,SUS0059,2802018.75,Cash Deposit,Consulting,Normal
TXN00348,2026-08-12 02:29:00,SUS0013,SUS0148,2809937.75,Wallet,Unknown,Normal
TXN00349,2026-08-13 03:36:00,SUS0057,SUS0065,2817856.75,Bank Transfer,Goods,Normal
TXN00350,2026-08-14 04:43:00,SUS0029,SUS0103,2825775.75,UPI,Loan,Normal
TXN00351,2026-08-15 05:50:00,SUS0017,SUS0122,2833694.75,Cash Deposit,Consulting,Normal
TXN00352,2026-08-16 06:57:00,SUS0040,SUS0054,2841613.75,Wallet,Unknown,Normal
TXN00353,2026-08-17 07:04:00,SUS0077,SUS0145,2849532.75,Bank Transfer,Goods,Normal
TXN00354,2026-08-18 08:11:00,SUS0034,SUS0130,2857451.75,UPI,Loan,Normal
TXN00355,2026-08-19 09:18:00,SUS0024,SUS0084,2865370.75,Cash Deposit,Consulting,Normal
TXN00356,2026-08-20 10:25:00,SUS0051,SUS0053,2873289.75,Wallet,Unknown,Normal
TXN00357,2026-08-21 11:32:00,SUS0062,SUS0149,2881208.75,Bank Transfer,Goods,Normal
TXN00358,2026-08-22 12:39:00,SUS0018,SUS0138,2889127.75,UPI,Loan,Normal
TXN00359,2026-08-23 13:46:00,SUS0086,SUS0113,2897046.75,Cash Deposit,Consulting,Normal
TXN00360,2026-08-24 14:53:00,SUS0049,SUS0077,2904965.75,Wallet,Unknown,Normal
TXN00361,2026-08-25 15:00:00,SUS0074,SUS0097,2912884.75,Bank Transfer,Goods,Normal
TXN00362,2026-08-26 16:07:00,SUS0059,SUS0092,2920803.75,UPI,Loan,Normal
TXN00363,2026-08-27 17:14:00,SUS0035,SUS0136,2928722.75,Cash Deposit,Consulting,Normal
TXN00364,2026-08-28 18:21:00,SUS0109,SUS0114,2936641.75,Wallet,Unknown,Normal
TXN00365,2026-08-01 19:28:00,SUS0006,SUS0094,2944560.75,Bank Transfer,Goods,Normal
TXN00366,2026-08-02 20:35:00,SUS0006,SUS0008,2952479.75,UPI,Loan,Normal
TXN00367,2026-08-03 21:42:00,SUS0088,SUS0149,2960398.75,Cash Deposit,Consulting,Normal
TXN00368,2026-08-04 22:49:00,SUS0004,SUS0137,2968317.75,Wallet,Unknown,Normal
TXN00369,2026-08-05 00:56:00,SUS0082,SUS0136,2976236.75,Bank Transfer,Goods,Normal
TXN00370,2026-08-06 01:03:00,SUS0010,SUS0110,2984155.75,UPI,Loan,Normal
TXN00371,2026-08-07 02:10:00,SUS0081,SUS0124,2992074.75,Cash Deposit,Consulting,Normal
TXN00372,2026-08-08 03:17:00,SUS0037,SUS0047,2999993.75,Wallet,Unknown,Normal
TXN00373,2026-08-09 04:24:00,SUS0044,SUS0136,3007912.75,Bank Transfer,Goods,Normal
TXN00374,2026-08-10 05:31:00,SUS0032,SUS0035,3015831.75,UPI,Loan,Normal
TXN00375,2026-08-11 06:38:00,SUS0097,SUS0102,3023750.75,Cash Deposit,Consulting,Normal
TXN00376,2026-08-12 07:45:00,SUS0128,SUS0129,3031669.75,Wallet,Unknown,Normal
TXN00377,2026-08-13 08:52:00,SUS0094,SUS0120,3039588.75,Bank Transfer,Goods,Normal
TXN00378,2026-08-14 09:59:00,SUS0036,SUS0093,3047507.75,UPI,Loan,Normal
TXN00379,2026-08-15 10:06:00,SUS0051,SUS0066,3055426.75,Cash Deposit,Consulting,Normal
TXN00380,2026-08-16 11:13:00,SUS0022,SUS0106,3063345.75,Wallet,Unknown,Normal
TXN00381,2026-08-17 12:20:00,SUS0051,SUS0127,3071264.75,Bank Transfer,Goods,Normal
TXN00382,2026-08-18 13:27:00,SUS0027,SUS0116,3079183.75,UPI,Loan,Normal
TXN00383,2026-08-19 14:34:00,SUS0028,SUS0078,3087102.75,Cash Deposit,Consulting,Normal
TXN00384,2026-08-20 15:41:00,SUS0106,SUS0126,3095021.75,Wallet,Unknown,Normal
TXN00385,2026-08-21 16:48:00,SUS0109,SUS0113,3102940.75,Bank Transfer,Goods,Normal
TXN00386,2026-08-22 17:55:00,SUS0055,SUS0078,3110859.75,UPI,Loan,Normal
TXN00387,2026-08-23 18:02:00,SUS0073,SUS0112,3118778.75,Cash Deposit,Consulting,Normal
TXN00388,2026-08-24 19:09:00,SUS0060,SUS0099,3126697.75,Wallet,Unknown,Normal
TXN00389,2026-08-25 20:16:00,SUS0016,SUS0040,3134616.75,Bank Transfer,Goods,Normal
TXN00390,2026-08-26 21:23:00,SUS0082,SUS0088,3142535.75,UPI,Loan,Normal
TXN00391,2026-08-27 22:30:00,SUS0093,SUS0141,3150454.75,Cash Deposit,Consulting,Normal
TXN00392,2026-08-28 00:37:00,SUS0020,SUS0109,3158373.75,Wallet,Unknown,Normal
TXN00393,2026-08-01 01:44:00,SUS0112,SUS0120,3166292.75,Bank Transfer,Goods,Normal
TXN00394,2026-08-02 02:51:00,SUS0056,SUS0133,3174211.75,UPI,Loan,Normal
TXN00395,2026-08-03 03:58:00,SUS0079,SUS0119,3182130.75,Cash Deposit,Consulting,Normal
TXN00396,2026-08-04 04:05:00,SUS0066,SUS0112,3190049.75,Wallet,Unknown,Normal
TXN00397,2026-08-05 05:12:00,SUS0038,SUS0119,3197968.75,Bank Transfer,Goods,Normal
TXN00398,2026-08-06 06:19:00,SUS0028,SUS0055,3205887.75,UPI,Loan,Normal
TXN00399,2026-08-07 07:26:00,SUS0061,SUS0117,3213806.75,Cash Deposit,Consulting,Normal
TXN00400,2026-08-08 08:33:00,SUS0084,SUS0088,3221725.75,Wallet,Unknown,Normal
TXN00401,2026-08-09 09:40:00,SUS0060,SUS0072,3229644.75,Bank Transfer,Goods,Normal
TXN00402,2026-08-10 10:47:00,SUS0126,SUS0143,3237563.75,UPI,Loan,Normal
TXN00403,2026-08-11 11:54:00,SUS0086,SUS0133,3245482.75,Cash Deposit,Consulting,Normal
TXN00404,2026-08-12 12:01:00,SUS0003,SUS0109,3253401.75,Wallet,Unknown,Normal
TXN00405,2026-08-13 13:08:00,SUS0053,SUS0102,3261320.75,Bank Transfer,Goods,Normal
TXN00406,2026-08-14 14:15:00,SUS0005,SUS0057,3269239.75,UPI,Loan,Normal
TXN00407,2026-08-15 15:22:00,SUS0107,SUS0142,3277158.75,Cash Deposit,Consulting,Normal
TXN00408,2026-08-16 16:29:00,SUS0011,SUS0061,3285077.75,Wallet,Unknown,Normal
TXN00409,2026-08-17 17:36:00,SUS0012,SUS0075,3292996.75,Bank Transfer,Goods,Normal
TXN00410,2026-08-18 18:43:00,SUS0045,SUS0127,3300915.75,UPI,Loan,Normal
TXN00411,2026-08-19 19:50:00,SUS0031,SUS0093,3308834.75,Cash Deposit,Consulting,Normal
TXN00412,2026-08-20 20:57:00,SUS0047,SUS0131,3316753.75,Wallet,Unknown,Normal
TXN00413,2026-08-21 21:04:00,SUS0019,SUS0096,3324672.75,Bank Transfer,Goods,Normal
TXN00414,2026-08-22 22:11:00,SUS0091,SUS0129,3332591.75,UPI,Loan,Normal
TXN00415,2026-08-23 00:18:00,SUS0034,SUS0102,3340510.75,Cash Deposit,Consulting,Normal
TXN00416,2026-08-24 01:25:00,SUS0011,SUS0068,3348429.75,Wallet,Unknown,Normal
TXN00417,2026-08-25 02:32:00,SUS0010,SUS0131,3356348.75,Bank Transfer,Goods,Normal
TXN00418,2026-08-26 03:39:00,SUS0091,SUS0103,3364267.75,UPI,Loan,Normal
TXN00419,2026-08-27 04:46:00,SUS0014,SUS0101,3372186.75,Cash Deposit,Consulting,Normal
TXN00420,2026-08-28 05:53:00,SUS0045,SUS0104,3380105.75,Wallet,Unknown,Normal
TXN00421,2026-08-01 06:00:00,SUS0008,SUS0040,3388024.75,Bank Transfer,Goods,Normal
TXN00422,2026-08-02 07:07:00,SUS0113,SUS0140,3395943.75,UPI,Loan,Normal
TXN00423,2026-08-03 08:14:00,SUS0090,SUS0142,3403862.75,Cash Deposit,Consulting,Normal
TXN00424,2026-08-04 09:21:00,SUS0004,SUS0027,3411781.75,Wallet,Unknown,Normal
TXN00425,2026-08-05 10:28:00,SUS0058,SUS0124,3419700.75,Bank Transfer,Goods,Normal
TXN00426,2026-08-06 11:35:00,SUS0014,SUS0067,3427619.75,UPI,Loan,Normal
TXN00427,2026-08-07 12:42:00,SUS0053,SUS0082,3435538.75,Cash Deposit,Consulting,Normal
TXN00428,2026-08-08 13:49:00,SUS0004,SUS0093,3443457.75,Wallet,Unknown,Normal
TXN00429,2026-08-09 14:56:00,SUS0045,SUS0099,3451376.75,Bank Transfer,Goods,Normal
TXN00430,2026-08-10 15:03:00,SUS0110,SUS0112,3459295.75,UPI,Loan,Normal
TXN00431,2026-08-11 16:10:00,SUS0007,SUS0093,3467214.75,Cash Deposit,Consulting,Normal
TXN00432,2026-08-12 17:17:00,SUS0105,SUS0150,3475133.75,Wallet,Unknown,Normal
TXN00433,2026-08-13 18:24:00,SUS0010,SUS0047,3483052.75,Bank Transfer,Goods,Normal
TXN00434,2026-08-14 19:31:00,SUS0020,SUS0069,3490971.75,UPI,Loan,Normal
TXN00435,2026-08-15 20:38:00,SUS0063,SUS0115,3498890.75,Cash Deposit,Consulting,Normal
TXN00436,2026-08-16 21:45:00,SUS0057,SUS0087,3506809.75,Wallet,Unknown,Review
TXN00437,2026-08-17 22:52:00,SUS0032,SUS0097,3514728.75,Bank Transfer,Goods,Review
TXN00438,2026-08-18 00:59:00,SUS0069,SUS0148,3522647.75,UPI,Loan,Review
TXN00439,2026-08-19 01:06:00,SUS0064,SUS0129,3530566.75,Cash Deposit,Consulting,Review
TXN00440,2026-08-20 02:13:00,SUS0035,SUS0082,3538485.75,Wallet,Unknown,Review
TXN00441,2026-08-21 03:20:00,SUS0121,SUS0125,3546404.75,Bank Transfer,Goods,Review
TXN00442,2026-08-22 04:27:00,SUS0044,SUS0082,3554323.75,UPI,Loan,Review
TXN00443,2026-08-23 05:34:00,SUS0030,SUS0131,3562242.75,Cash Deposit,Consulting,Review
TXN00444,2026-08-24 06:41:00,SUS0067,SUS0073,3570161.75,Wallet,Unknown,Review
TXN00445,2026-08-25 07:48:00,SUS0022,SUS0054,3578080.75,Bank Transfer,Goods,Review
TXN00446,2026-08-26 08:55:00,SUS0046,SUS0085,3585999.75,UPI,Loan,Review
TXN00447,2026-08-27 09:02:00,SUS0111,SUS0124,3593918.75,Cash Deposit,Consulting,Review
TXN00448,2026-08-28 10:09:00,SUS0031,SUS0036,3601837.75,Wallet,Unknown,Review
TXN00449,2026-08-01 11:16:00,SUS0008,SUS0011,3609756.75,Bank Transfer,Goods,Review
TXN00450,2026-08-02 12:23:00,SUS0031,SUS0054,3617675.75,UPI,Loan,Review
TXN00451,2026-08-03 13:30:00,SUS0042,SUS0054,3625594.75,Cash Deposit,Consulting,Review
TXN00452,2026-08-04 14:37:00,SUS0024,SUS0104,3633513.75,Wallet,Unknown,Review
TXN00453,2026-08-05 15:44:00,SUS0008,SUS0061,3641432.75,Bank Transfer,Goods,Review
TXN00454,2026-08-06 16:51:00,SUS0064,SUS0138,3649351.75,UPI,Loan,Review
TXN00455,2026-08-07 17:58:00,SUS0017,SUS0091,3657270.75,Cash Deposit,Consulting,Review
TXN00456,2026-08-08 18:05:00,SUS0018,SUS0096,3665189.75,Wallet,Unknown,Review
TXN00457,2026-08-09 19:12:00,SUS0007,SUS0062,3673108.75,Bank Transfer,Goods,Review
TXN00458,2026-08-10 20:19:00,SUS0107,SUS0118,3681027.75,UPI,Loan,Review
TXN00459,2026-08-11 21:26:00,SUS0037,SUS0128,3688946.75,Cash Deposit,Consulting,Review
TXN00460,2026-08-12 22:33:00,SUS0006,SUS0093,3696865.75,Wallet,Unknown,Review
TXN00461,2026-08-13 00:40:00,SUS0046,SUS0145,3704784.75,Bank Transfer,Goods,Review
TXN00462,2026-08-14 01:47:00,SUS0076,SUS0106,3712703.75,UPI,Loan,Review
TXN00463,2026-08-15 02:54:00,SUS0014,SUS0032,3720622.75,Cash Deposit,Consulting,Review
TXN00464,2026-08-16 03:01:00,SUS0047,SUS0143,3728541.75,Wallet,Unknown,Review
TXN00465,2026-08-17 04:08:00,SUS0047,SUS0056,3736460.75,Bank Transfer,Goods,Review
TXN00466,2026-08-18 05:15:00,SUS0116,SUS0120,3744379.75,UPI,Loan,Review
TXN00467,2026-08-19 06:22:00,SUS0048,SUS0054,3752298.75,Cash Deposit,Consulting,Review
TXN00468,2026-08-20 07:29:00,SUS0068,SUS0114,3760217.75,Wallet,Unknown,Review
TXN00469,2026-08-21 08:36:00,SUS0061,SUS0094,3768136.75,Bank Transfer,Goods,Review
TXN00470,2026-08-22 09:43:00,SUS0048,SUS0092,3776055.75,UPI,Loan,Review
TXN00471,2026-08-23 10:50:00,SUS0036,SUS0071,3783974.75,Cash Deposit,Consulting,Review
TXN00472,2026-08-24 11:57:00,SUS0044,SUS0102,3791893.75,Wallet,Unknown,Review
TXN00473,2026-08-25 12:04:00,SUS0114,SUS0125,3799812.75,Bank Transfer,Goods,Review
TXN00474,2026-08-26 13:11:00,SUS0030,SUS0095,3807731.75,UPI,Loan,Review
TXN00475,2026-08-27 14:18:00,SUS0089,SUS0118,3815650.75,Cash Deposit,Consulting,Review
TXN00476,2026-08-28 15:25:00,SUS0095,SUS0126,3823569.75,Wallet,Unknown,Review
TXN00477,2026-08-01 16:32:00,SUS0081,SUS0096,3831488.75,Bank Transfer,Goods,Review
TXN00478,2026-08-02 17:39:00,SUS0087,SUS0107,3839407.75,UPI,Loan,Review
TXN00479,2026-08-03 18:46:00,SUS0104,SUS0140,3847326.75,Cash Deposit,Consulting,Review
TXN00480,2026-08-04 19:53:00,SUS0063,SUS0065,3855245.75,Wallet,Unknown,Review
TXN00481,2026-08-05 20:00:00,SUS0121,SUS0145,3863164.75,Bank Transfer,Goods,Review
TXN00482,2026-08-06 21:07:00,SUS0050,SUS0087,3871083.75,UPI,Loan,Review
TXN00483,2026-08-07 22:14:00,SUS0076,SUS0138,3879002.75,Cash Deposit,Consulting,Review
TXN00484,2026-08-08 00:21:00,SUS0006,SUS0054,3886921.75,Wallet,Unknown,Review
TXN00485,2026-08-09 01:28:00,SUS0114,SUS0146,3894840.75,Bank Transfer,Goods,Review
TXN00486,2026-08-10 02:35:00,SUS0097,SUS0148,3902759.75,UPI,Loan,Review
TXN00487,2026-08-11 03:42:00,SUS0054,SUS0067,3910678.75,Cash Deposit,Consulting,Review
TXN00488,2026-08-12 04:49:00,SUS0049,SUS0136,3918597.75,Wallet,Unknown,Review
TXN00489,2026-08-13 05:56:00,SUS0008,SUS0054,3926516.75,Bank Transfer,Goods,Review
TXN00490,2026-08-14 06:03:00,SUS0001,SUS0102,3934435.75,UPI,Loan,Review
TXN00491,2026-08-15 07:10:00,SUS0050,SUS0146,3942354.75,Cash Deposit,Consulting,Review
TXN00492,2026-08-16 08:17:00,SUS0007,SUS0100,3950273.75,Wallet,Unknown,Review
TXN00493,2026-08-17 09:24:00,SUS0032,SUS0034,3956817.5,Bank Transfer,Goods,Review
TXN00494,2026-08-18 10:31:00,SUS0056,SUS0066,3964736.5,UPI,Loan,Review
TXN00495,2026-08-19 11:38:00,SUS0037,SUS0122,3972655.5,Cash Deposit,Consulting,Review
TXN00496,2026-08-20 12:45:00,SUS0085,SUS0114,3980574.5,Wallet,Unknown,Review
TXN00497,2026-08-21 13:52:00,SUS0104,SUS0115,3988493.5,Bank Transfer,Goods,Review
TXN00498,2026-08-22 14:59:00,SUS0041,SUS0084,3996412.5,UPI,Loan,Review
TXN00499,2026-08-23 15:06:00,SUS0003,SUS0074,4004331.5,Cash Deposit,Consulting,Review
TXN00500,2026-08-24 16:13:00,SUS0076,SUS0146,4012250.5,Wallet,Unknown,Review
