post_id,suspect_id,platform,post_text,timestamp,ai_sentiment_flag,likes,shares
POST00001,SUS0002,WhatsApp Status,Package delivered successfully,2026-01-06 09:00:00,Neutral,71,4
POST00002,SUS0099,Twitter/X,Package delivered successfully,2026-08-27 16:00:00,Coded/Ambiguous,154,67
POST00003,SUS0032,Twitter/X,"Big deal coming this weekend, stay ready",2026-07-20 22:00:00,Suspicious,465,44
POST00004,SUS0077,WhatsApp Status,"Match today, who's watching",2026-05-16 09:00:00,Neutral,183,56
POST00005,SUS0125,WhatsApp Status,New shipment arriving from border,2026-06-03 14:00:00,Suspicious,481,19
POST00006,SUS0070,Instagram,"Police checking naka near highway, be careful",2026-08-01 22:00:00,Suspicious,121,67
POST00007,SUS0027,Facebook,"New phone number, save it",2026-04-06 02:00:00,Neutral,440,24
POST00008,SUS0132,Facebook,Happy Diwali to all my brothers,2026-08-11 04:00:00,Coded/Ambiguous,300,45
POST00009,SUS0026,Instagram,Package delivered successfully,2026-05-10 10:00:00,Coded/Ambiguous,331,59
POST00010,SUS0108,Twitter/X,"New phone number, save it",2026-07-18 16:00:00,Suspicious,172,43
POST00011,SUS0011,Telegram,"New phone number, save it",2026-03-04 01:00:00,Neutral,372,79
POST00012,SUS0085,Telegram,"Payment cleared, thanks bhai",2026-08-05 09:00:00,Threatening,198,13
POST00013,SUS0087,Instagram,"Payment cleared, thanks bhai",2026-01-04 22:00:00,Suspicious,299,14
POST00014,SUS0084,Instagram,"New phone number, save it",2026-07-08 00:00:00,Suspicious,147,52
POST00015,SUS0075,Telegram,"Police checking naka near highway, be careful",2026-01-11 07:00:00,Neutral,304,46
POST00016,SUS0089,Facebook,"Lay low for few days, situation hot",2026-07-20 11:00:00,Suspicious,188,42
POST00017,SUS0131,Facebook,"Big deal coming this weekend, stay ready",2026-05-11 02:00:00,Suspicious,339,19
POST00018,SUS0115,Telegram,"Payment cleared, thanks bhai",2026-04-23 10:00:00,Suspicious,321,63
POST00019,SUS0127,Instagram,"Lay low for few days, situation hot",2026-03-11 11:00:00,Coded/Ambiguous,145,15
POST00020,SUS0033,Instagram,"Match today, who's watching",2026-02-25 16:00:00,Neutral,377,75
POST00021,SUS0064,Twitter/X,"Match today, who's watching",2026-05-04 19:00:00,Suspicious,252,7
POST00022,SUS0073,Instagram,"Police checking naka near highway, be careful",2026-08-12 10:00:00,Suspicious,280,39
POST00023,SUS0146,Instagram,Happy Diwali to all my brothers,2026-06-26 23:00:00,Suspicious,472,13
POST00024,SUS0112,Instagram,New shipment arriving from border,2026-04-20 04:00:00,Suspicious,403,53
POST00025,SUS0126,Facebook,"Police checking naka near highway, be careful",2026-01-31 04:00:00,Neutral,175,3
POST00026,SUS0044,WhatsApp Status,Happy Diwali to all my brothers,2026-07-18 14:00:00,Suspicious,375,2
POST00027,SUS0097,Facebook,Package delivered successfully,2026-03-19 03:00:00,Coded/Ambiguous,251,18
POST00028,SUS0124,Instagram,New shipment arriving from border,2026-04-12 11:00:00,Coded/Ambiguous,418,47
POST00029,SUS0029,Telegram,New shipment arriving from border,2026-06-27 20:00:00,Neutral,464,6
POST00030,SUS0015,Facebook,"Police checking naka near highway, be careful",2026-03-28 09:00:00,Neutral,404,37
POST00031,SUS0091,Instagram,"Police checking naka near highway, be careful",2026-04-02 19:00:00,Coded/Ambiguous,472,55
POST00032,SUS0048,Facebook,"New phone number, save it",2026-02-01 13:00:00,Coded/Ambiguous,104,47
POST00033,SUS0124,WhatsApp Status,Happy Diwali to all my brothers,2026-06-29 13:00:00,Suspicious,420,78
POST00034,SUS0092,WhatsApp Status,"Payment cleared, thanks bhai",2026-07-14 00:00:00,Coded/Ambiguous,46,3
POST00035,SUS0129,Twitter/X,"Big deal coming this weekend, stay ready",2026-04-17 22:00:00,Neutral,242,11
POST00036,SUS0095,Facebook,"Match today, who's watching",2026-08-22 10:00:00,Suspicious,47,80
POST00037,SUS0149,WhatsApp Status,New shipment arriving from border,2026-04-27 18:00:00,Neutral,196,5
POST00038,SUS0063,WhatsApp Status,Happy Diwali to all my brothers,2026-08-11 02:00:00,Neutral,489,66
POST00039,SUS0130,Twitter/X,"Big deal coming this weekend, stay ready",2026-05-20 11:00:00,Coded/Ambiguous,188,47
POST00040,SUS0142,Instagram,"Meet at the usual spot, 9pm sharp",2026-02-20 19:00:00,Neutral,430,26
POST00041,SUS0045,Twitter/X,Happy Diwali to all my brothers,2026-01-12 05:00:00,Neutral,312,24
POST00042,SUS0061,Telegram,"Lay low for few days, situation hot",2026-07-01 06:00:00,Suspicious,300,5
POST00043,SUS0048,Telegram,New shipment arriving from border,2026-08-21 00:00:00,Suspicious,265,21
POST00044,SUS0017,Instagram,"Lay low for few days, situation hot",2026-05-24 17:00:00,Neutral,145,57
POST00045,SUS0134,Facebook,"Match today, who's watching",2026-01-26 13:00:00,Suspicious,382,34
POST00046,SUS0035,WhatsApp Status,"New phone number, save it",2026-07-09 00:00:00,Neutral,358,11
POST00047,SUS0048,Telegram,Happy Diwali to all my brothers,2026-03-17 05:00:00,Suspicious,142,19
POST00048,SUS0106,WhatsApp Status,"Big deal coming this weekend, stay ready",2026-03-20 08:00:00,Neutral,99,21
POST00049,SUS0127,WhatsApp Status,Happy Diwali to all my brothers,2026-06-03 13:00:00,Neutral,401,41
POST00050,SUS0133,Instagram,"New phone number, save it",2026-01-24 21:00:00,Suspicious,139,78
POST00051,SUS0146,Twitter/X,Happy Diwali to all my brothers,2026-02-13 09:00:00,Suspicious,156,32
POST00052,SUS0099,WhatsApp Status,New shipment arriving from border,2026-07-28 19:00:00,Coded/Ambiguous,315,42
POST00053,SUS0064,Telegram,"Police checking naka near highway, be careful",2026-01-24 10:00:00,Coded/Ambiguous,159,18
POST00054,SUS0051,Telegram,"Big deal coming this weekend, stay ready",2026-06-07 08:00:00,Coded/Ambiguous,405,74
POST00055,SUS0003,Instagram,"Lay low for few days, situation hot",2026-08-05 17:00:00,Coded/Ambiguous,392,75
POST00056,SUS0100,Twitter/X,"New phone number, save it",2026-04-10 13:00:00,Neutral,338,68
POST00057,SUS0047,Facebook,"Lay low for few days, situation hot",2026-08-03 04:00:00,Threatening,124,80
POST00058,SUS0035,Facebook,"New phone number, save it",2026-03-10 12:00:00,Suspicious,462,6
POST00059,SUS0058,WhatsApp Status,New shipment arriving from border,2026-04-30 06:00:00,Suspicious,396,34
POST00060,SUS0014,Telegram,"Meet at the usual spot, 9pm sharp",2026-04-10 21:00:00,Neutral,251,38
POST00061,SUS0134,Instagram,"New phone number, save it",2026-03-25 15:00:00,Neutral,403,42
POST00062,SUS0084,Telegram,"Police checking naka near highway, be careful",2026-05-30 12:00:00,Suspicious,339,51
POST00063,SUS0096,Twitter/X,"New phone number, save it",2026-07-31 14:00:00,Neutral,27,45
POST00064,SUS0087,Telegram,Package delivered successfully,2026-01-18 23:00:00,Coded/Ambiguous,333,54
POST00065,SUS0067,Telegram,"Lay low for few days, situation hot",2026-06-13 08:00:00,Neutral,468,28
POST00066,SUS0043,Instagram,"Police checking naka near highway, be careful",2026-04-30 01:00:00,Suspicious,492,55
POST00067,SUS0091,Twitter/X,"Payment cleared, thanks bhai",2026-02-19 08:00:00,Neutral,149,19
POST00068,SUS0023,Telegram,Happy Diwali to all my brothers,2026-06-25 16:00:00,Suspicious,366,12
POST00069,SUS0095,WhatsApp Status,New shipment arriving from border,2026-02-05 01:00:00,Neutral,47,73
POST00070,SUS0136,Telegram,"Big deal coming this weekend, stay ready",2026-03-30 21:00:00,Coded/Ambiguous,191,80
POST00071,SUS0026,WhatsApp Status,"Police checking naka near highway, be careful",2026-03-02 07:00:00,Coded/Ambiguous,163,6
POST00072,SUS0140,Facebook,"Payment cleared, thanks bhai",2026-01-23 20:00:00,Coded/Ambiguous,426,23
POST00073,SUS0145,Facebook,Happy Diwali to all my brothers,2026-05-09 15:00:00,Suspicious,95,62
POST00074,SUS0013,WhatsApp Status,Package delivered successfully,2026-07-19 08:00:00,Neutral,49,0
POST00075,SUS0103,Twitter/X,"New phone number, save it",2026-01-11 23:00:00,Suspicious,377,62
POST00076,SUS0012,Twitter/X,Package delivered successfully,2026-01-10 11:00:00,Neutral,270,34
POST00077,SUS0090,Telegram,"Payment cleared, thanks bhai",2026-04-28 20:00:00,Suspicious,185,79
POST00078,SUS0006,Facebook,"Match today, who's watching",2026-03-27 04:00:00,Neutral,179,78
POST00079,SUS0110,WhatsApp Status,"Payment cleared, thanks bhai",2026-01-25 03:00:00,Neutral,420,24
POST00080,SUS0012,Instagram,"Match today, who's watching",2026-03-21 00:00:00,Suspicious,63,28
POST00081,SUS0011,Facebook,"Big deal coming this weekend, stay ready",2026-04-20 02:00:00,Suspicious,459,17
POST00082,SUS0028,Instagram,"Lay low for few days, situation hot",2026-04-13 17:00:00,Suspicious,411,25
POST00083,SUS0118,Facebook,"Match today, who's watching",2026-01-29 09:00:00,Neutral,22,36
POST00084,SUS0063,Facebook,Package delivered successfully,2026-01-22 19:00:00,Suspicious,409,11
POST00085,SUS0046,Twitter/X,Happy Diwali to all my brothers,2026-04-16 13:00:00,Neutral,89,28
POST00086,SUS0052,Instagram,Happy Diwali to all my brothers,2026-04-13 02:00:00,Coded/Ambiguous,261,2
POST00087,SUS0108,Instagram,"Payment cleared, thanks bhai",2026-07-15 04:00:00,Suspicious,173,19
POST00088,SUS0108,Telegram,"Big deal coming this weekend, stay ready",2026-04-27 04:00:00,Suspicious,322,60
POST00089,SUS0015,Twitter/X,"Police checking naka near highway, be careful",2026-02-06 14:00:00,Neutral,455,45
POST00090,SUS0112,Twitter/X,"Big deal coming this weekend, stay ready",2026-05-21 15:00:00,Suspicious,163,59
POST00091,SUS0020,WhatsApp Status,Package delivered successfully,2026-07-17 02:00:00,Neutral,46,49
POST00092,SUS0117,Facebook,"Lay low for few days, situation hot",2026-08-11 22:00:00,Neutral,497,30
POST00093,SUS0094,Facebook,"Lay low for few days, situation hot",2026-07-24 06:00:00,Coded/Ambiguous,8,80
POST00094,SUS0095,Instagram,"Payment cleared, thanks bhai",2026-03-11 16:00:00,Threatening,495,10
POST00095,SUS0108,WhatsApp Status,"Big deal coming this weekend, stay ready",2026-03-26 15:00:00,Coded/Ambiguous,151,24
POST00096,SUS0038,Facebook,"New phone number, save it",2026-08-09 03:00:00,Neutral,138,22
POST00097,SUS0102,Instagram,Happy Diwali to all my brothers,2026-06-24 08:00:00,Threatening,321,42
POST00098,SUS0029,Instagram,Package delivered successfully,2026-05-27 00:00:00,Threatening,35,8
POST00099,SUS0083,Instagram,"New phone number, save it",2026-07-01 09:00:00,Suspicious,50,6
POST00100,SUS0057,Facebook,Happy Diwali to all my brothers,2026-02-18 09:00:00,Threatening,114,53
POST00101,SUS0052,Instagram,"Big deal coming this weekend, stay ready",2026-07-15 07:00:00,Neutral,358,38
POST00102,SUS0050,WhatsApp Status,"Big deal coming this weekend, stay ready",2026-04-30 22:00:00,Neutral,460,36
POST00103,SUS0031,Telegram,New shipment arriving from border,2026-04-14 08:00:00,Suspicious,16,18
POST00104,SUS0025,Instagram,"Big deal coming this weekend, stay ready",2026-07-21 14:00:00,Coded/Ambiguous,225,7
POST00105,SUS0029,WhatsApp Status,"Police checking naka near highway, be careful",2026-07-29 05:00:00,Threatening,86,70
POST00106,SUS0058,Twitter/X,"Lay low for few days, situation hot",2026-08-09 06:00:00,Threatening,229,69
POST00107,SUS0096,WhatsApp Status,"Meet at the usual spot, 9pm sharp",2026-04-08 16:00:00,Suspicious,227,47
POST00108,SUS0010,Facebook,"Meet at the usual spot, 9pm sharp",2026-04-01 19:00:00,Suspicious,495,72
POST00109,SUS0062,Instagram,"Meet at the usual spot, 9pm sharp",2026-01-08 22:00:00,Coded/Ambiguous,369,46
POST00110,SUS0022,Facebook,"Lay low for few days, situation hot",2026-07-18 12:00:00,Threatening,126,9
POST00111,SUS0125,Telegram,Happy Diwali to all my brothers,2026-05-31 06:00:00,Neutral,14,66
POST00112,SUS0066,Instagram,"Big deal coming this weekend, stay ready",2026-07-05 09:00:00,Neutral,475,45
POST00113,SUS0039,Instagram,"Lay low for few days, situation hot",2026-07-09 10:00:00,Neutral,239,2
POST00114,SUS0128,Instagram,"Police checking naka near highway, be careful",2026-08-07 12:00:00,Neutral,200,23
POST00115,SUS0004,Facebook,"Police checking naka near highway, be careful",2026-05-01 17:00:00,Suspicious,230,14
POST00116,SUS0149,Facebook,Happy Diwali to all my brothers,2026-06-19 05:00:00,Neutral,500,80
POST00117,SUS0099,Telegram,"Meet at the usual spot, 9pm sharp",2026-07-21 23:00:00,Neutral,262,2
POST00118,SUS0031,Twitter/X,New shipment arriving from border,2026-01-07 19:00:00,Suspicious,300,8
POST00119,SUS0072,Twitter/X,"Big deal coming this weekend, stay ready",2026-08-05 18:00:00,Coded/Ambiguous,334,59
POST00120,SUS0013,Telegram,Package delivered successfully,2026-01-13 06:00:00,Suspicious,341,21
POST00121,SUS0136,Telegram,"New phone number, save it",2026-01-07 11:00:00,Suspicious,435,63
POST00122,SUS0013,Telegram,"Lay low for few days, situation hot",2026-01-22 08:00:00,Suspicious,259,16
POST00123,SUS0026,WhatsApp Status,"Police checking naka near highway, be careful",2026-01-27 18:00:00,Suspicious,465,51
POST00124,SUS0079,Instagram,"Match today, who's watching",2026-04-22 00:00:00,Suspicious,492,76
POST00125,SUS0093,WhatsApp Status,"Lay low for few days, situation hot",2026-04-10 22:00:00,Suspicious,418,21
POST00126,SUS0039,Instagram,"Meet at the usual spot, 9pm sharp",2026-01-10 11:00:00,Coded/Ambiguous,205,30
POST00127,SUS0146,WhatsApp Status,"Match today, who's watching",2026-08-28 23:00:00,Threatening,400,78
POST00128,SUS0045,Twitter/X,"Big deal coming this weekend, stay ready",2026-04-01 01:00:00,Suspicious,217,59
POST00129,SUS0069,Telegram,"New phone number, save it",2026-08-14 23:00:00,Suspicious,96,46
POST00130,SUS0139,Telegram,Package delivered successfully,2026-01-31 17:00:00,Threatening,372,63
POST00131,SUS0068,WhatsApp Status,"Payment cleared, thanks bhai",2026-05-11 14:00:00,Suspicious,122,47
POST00132,SUS0086,Facebook,"Payment cleared, thanks bhai",2026-06-17 17:00:00,Neutral,190,49
POST00133,SUS0149,Facebook,"Meet at the usual spot, 9pm sharp",2026-06-01 15:00:00,Neutral,395,4
POST00134,SUS0021,Instagram,"Big deal coming this weekend, stay ready",2026-06-06 06:00:00,Suspicious,218,73
POST00135,SUS0032,Twitter/X,"Match today, who's watching",2026-02-08 12:00:00,Neutral,291,53
POST00136,SUS0150,Twitter/X,New shipment arriving from border,2026-05-28 06:00:00,Neutral,108,80
POST00137,SUS0020,Twitter/X,"Match today, who's watching",2026-03-04 17:00:00,Suspicious,164,50
POST00138,SUS0136,Facebook,"Match today, who's watching",2026-02-03 16:00:00,Neutral,168,42
POST00139,SUS0046,WhatsApp Status,Package delivered successfully,2026-04-19 22:00:00,Neutral,345,35
POST00140,SUS0141,Twitter/X,"Match today, who's watching",2026-05-06 08:00:00,Suspicious,95,71
POST00141,SUS0041,Instagram,"Lay low for few days, situation hot",2026-04-14 18:00:00,Neutral,62,57
POST00142,SUS0060,Facebook,Package delivered successfully,2026-05-27 05:00:00,Neutral,42,56
POST00143,SUS0118,Twitter/X,"Police checking naka near highway, be careful",2026-05-11 13:00:00,Coded/Ambiguous,406,31
POST00144,SUS0146,Twitter/X,"Match today, who's watching",2026-06-16 08:00:00,Neutral,161,41
POST00145,SUS0124,WhatsApp Status,"Match today, who's watching",2026-06-27 21:00:00,Threatening,40,58
POST00146,SUS0077,Facebook,Package delivered successfully,2026-02-22 02:00:00,Suspicious,154,40
POST00147,SUS0053,Twitter/X,"New phone number, save it",2026-03-31 07:00:00,Coded/Ambiguous,35,42
POST00148,SUS0127,Telegram,"Lay low for few days, situation hot",2026-04-01 01:00:00,Neutral,80,6
POST00149,SUS0070,Instagram,New shipment arriving from border,2026-05-12 01:00:00,Neutral,230,45
POST00150,SUS0107,WhatsApp Status,"Payment cleared, thanks bhai",2026-02-17 19:00:00,Neutral,51,52
POST00151,SUS0138,WhatsApp Status,"Big deal coming this weekend, stay ready",2026-04-07 14:00:00,Coded/Ambiguous,161,41
POST00152,SUS0005,WhatsApp Status,"Payment cleared, thanks bhai",2026-04-13 18:00:00,Neutral,329,34
POST00153,SUS0069,Twitter/X,"Big deal coming this weekend, stay ready",2026-07-25 03:00:00,Threatening,8,38
POST00154,SUS0038,WhatsApp Status,"Lay low for few days, situation hot",2026-08-08 15:00:00,Suspicious,98,44
POST00155,SUS0072,Twitter/X,Package delivered successfully,2026-08-04 18:00:00,Neutral,54,67
POST00156,SUS0019,WhatsApp Status,"Lay low for few days, situation hot",2026-05-10 17:00:00,Suspicious,328,14
POST00157,SUS0055,Telegram,"Lay low for few days, situation hot",2026-02-09 20:00:00,Neutral,497,41
POST00158,SUS0054,Twitter/X,"New phone number, save it",2026-05-16 09:00:00,Coded/Ambiguous,51,11
POST00159,SUS0084,Instagram,"Big deal coming this weekend, stay ready",2026-07-03 15:00:00,Coded/Ambiguous,234,47
POST00160,SUS0102,Telegram,"Meet at the usual spot, 9pm sharp",2026-01-14 20:00:00,Coded/Ambiguous,146,20
POST00161,SUS0099,Instagram,"Police checking naka near highway, be careful",2026-02-17 09:00:00,Coded/Ambiguous,213,20
POST00162,SUS0001,Instagram,"Meet at the usual spot, 9pm sharp",2026-08-22 05:00:00,Coded/Ambiguous,363,32
POST00163,SUS0100,Facebook,Package delivered successfully,2026-06-09 22:00:00,Neutral,291,36
POST00164,SUS0002,Instagram,"Match today, who's watching",2026-05-06 02:00:00,Neutral,117,35
POST00165,SUS0099,Instagram,"Lay low for few days, situation hot",2026-04-09 01:00:00,Coded/Ambiguous,241,6
POST00166,SUS0013,WhatsApp Status,New shipment arriving from border,2026-04-17 01:00:00,Coded/Ambiguous,436,9
POST00167,SUS0014,Facebook,"Police checking naka near highway, be careful",2026-04-24 18:00:00,Neutral,172,17
POST00168,SUS0020,Twitter/X,"Meet at the usual spot, 9pm sharp",2026-03-08 20:00:00,Threatening,467,21
POST00169,SUS0043,Telegram,"Meet at the usual spot, 9pm sharp",2026-03-16 20:00:00,Suspicious,34,49
POST00170,SUS0132,Twitter/X,"Police checking naka near highway, be careful",2026-01-11 19:00:00,Suspicious,270,42
POST00171,SUS0070,Telegram,New shipment arriving from border,2026-02-01 06:00:00,Suspicious,200,46
POST00172,SUS0004,WhatsApp Status,"Police checking naka near highway, be careful",2026-02-05 16:00:00,Coded/Ambiguous,409,8
POST00173,SUS0085,Telegram,"Police checking naka near highway, be careful",2026-08-20 13:00:00,Suspicious,331,78
POST00174,SUS0026,WhatsApp Status,"Match today, who's watching",2026-06-20 11:00:00,Suspicious,30,42
POST00175,SUS0046,Twitter/X,"Lay low for few days, situation hot",2026-07-08 09:00:00,Neutral,416,74
POST00176,SUS0030,Facebook,"Meet at the usual spot, 9pm sharp",2026-06-14 21:00:00,Suspicious,292,74
POST00177,SUS0070,Twitter/X,"Payment cleared, thanks bhai",2026-05-09 03:00:00,Neutral,384,10
POST00178,SUS0056,Telegram,"Police checking naka near highway, be careful",2026-07-28 16:00:00,Suspicious,461,73
POST00179,SUS0149,Facebook,"Meet at the usual spot, 9pm sharp",2026-02-18 18:00:00,Neutral,211,41
POST00180,SUS0040,Twitter/X,Package delivered successfully,2026-01-02 03:00:00,Coded/Ambiguous,55,57
POST00181,SUS0078,WhatsApp Status,Package delivered successfully,2026-08-16 01:00:00,Neutral,331,38
POST00182,SUS0079,WhatsApp Status,"New phone number, save it",2026-04-22 19:00:00,Suspicious,200,51
POST00183,SUS0094,WhatsApp Status,"New phone number, save it",2026-06-09 09:00:00,Neutral,75,59
POST00184,SUS0048,Telegram,"Meet at the usual spot, 9pm sharp",2026-08-29 19:00:00,Neutral,234,41
POST00185,SUS0027,WhatsApp Status,"Payment cleared, thanks bhai",2026-08-22 13:00:00,Coded/Ambiguous,63,40
POST00186,SUS0049,Twitter/X,"Meet at the usual spot, 9pm sharp",2026-07-23 04:00:00,Suspicious,456,12
POST00187,SUS0026,Facebook,"New phone number, save it",2026-02-18 01:00:00,Neutral,111,13
POST00188,SUS0092,Facebook,Package delivered successfully,2026-04-14 17:00:00,Coded/Ambiguous,148,23
POST00189,SUS0140,Facebook,"Big deal coming this weekend, stay ready",2026-03-06 22:00:00,Threatening,451,32
POST00190,SUS0102,Facebook,"Match today, who's watching",2026-02-14 12:00:00,Coded/Ambiguous,399,20
POST00191,SUS0003,Instagram,New shipment arriving from border,2026-02-05 10:00:00,Coded/Ambiguous,81,30
POST00192,SUS0138,Telegram,"Big deal coming this weekend, stay ready",2026-04-19 14:00:00,Coded/Ambiguous,197,3
POST00193,SUS0080,Facebook,"Lay low for few days, situation hot",2026-07-17 04:00:00,Coded/Ambiguous,333,75
POST00194,SUS0138,Telegram,Happy Diwali to all my brothers,2026-05-07 20:00:00,Threatening,154,6
POST00195,SUS0139,Twitter/X,"Match today, who's watching",2026-06-29 15:00:00,Coded/Ambiguous,20,57
POST00196,SUS0087,Facebook,"Big deal coming this weekend, stay ready",2026-02-15 09:00:00,Neutral,357,4
POST00197,SUS0095,WhatsApp Status,"Big deal coming this weekend, stay ready",2026-08-07 02:00:00,Suspicious,365,63
POST00198,SUS0038,Facebook,Package delivered successfully,2026-03-14 14:00:00,Neutral,221,44
POST00199,SUS0075,WhatsApp Status,Happy Diwali to all my brothers,2026-08-15 02:00:00,Threatening,303,26
POST00200,SUS0046,Instagram,New shipment arriving from border,2026-05-05 13:00:00,Suspicious,358,23
POST00201,SUS0057,Facebook,"Meet at the usual spot, 9pm sharp",2026-05-23 21:00:00,Coded/Ambiguous,407,65
POST00202,SUS0148,Facebook,New shipment arriving from border,2026-02-18 12:00:00,Coded/Ambiguous,397,58
POST00203,SUS0141,Twitter/X,"New phone number, save it",2026-06-16 13:00:00,Neutral,140,23
POST00204,SUS0060,WhatsApp Status,New shipment arriving from border,2026-04-01 14:00:00,Neutral,308,47
POST00205,SUS0149,WhatsApp Status,"Meet at the usual spot, 9pm sharp",2026-03-02 02:00:00,Threatening,303,23
POST00206,SUS0021,Telegram,"Police checking naka near highway, be careful",2026-06-16 06:00:00,Neutral,368,7
POST00207,SUS0089,Instagram,"Big deal coming this weekend, stay ready",2026-01-02 15:00:00,Suspicious,3,71
POST00208,SUS0142,WhatsApp Status,"Lay low for few days, situation hot",2026-08-24 09:00:00,Neutral,312,78
POST00209,SUS0103,Telegram,"Match today, who's watching",2026-02-20 11:00:00,Neutral,360,53
POST00210,SUS0033,Twitter/X,New shipment arriving from border,2026-07-16 02:00:00,Suspicious,415,41
POST00211,SUS0149,Instagram,"Lay low for few days, situation hot",2026-04-02 02:00:00,Threatening,282,35
POST00212,SUS0092,Instagram,Package delivered successfully,2026-03-13 23:00:00,Neutral,298,42
POST00213,SUS0087,Instagram,New shipment arriving from border,2026-01-26 06:00:00,Threatening,313,8
POST00214,SUS0090,Instagram,"Lay low for few days, situation hot",2026-03-17 03:00:00,Suspicious,56,12
POST00215,SUS0007,Twitter/X,"Match today, who's watching",2026-06-02 13:00:00,Neutral,344,29
POST00216,SUS0110,Twitter/X,"Police checking naka near highway, be careful",2026-02-28 12:00:00,Threatening,482,42
POST00217,SUS0008,Facebook,"Match today, who's watching",2026-03-06 02:00:00,Neutral,72,30
POST00218,SUS0067,Telegram,"Match today, who's watching",2026-02-04 13:00:00,Coded/Ambiguous,444,5
POST00219,SUS0051,WhatsApp Status,Package delivered successfully,2026-08-15 21:00:00,Neutral,57,17
POST00220,SUS0133,WhatsApp Status,"Meet at the usual spot, 9pm sharp",2026-01-21 14:00:00,Coded/Ambiguous,417,79
POST00221,SUS0146,Instagram,"Police checking naka near highway, be careful",2026-07-12 07:00:00,Coded/Ambiguous,345,56
POST00222,SUS0082,Facebook,"Meet at the usual spot, 9pm sharp",2026-08-13 04:00:00,Neutral,225,40
POST00223,SUS0149,Facebook,"Match today, who's watching",2026-04-19 07:00:00,Coded/Ambiguous,36,11
POST00224,SUS0079,Twitter/X,New shipment arriving from border,2026-06-05 06:00:00,Coded/Ambiguous,459,2
POST00225,SUS0137,Twitter/X,Package delivered successfully,2026-05-09 12:00:00,Coded/Ambiguous,418,55
POST00226,SUS0086,Twitter/X,"Payment cleared, thanks bhai",2026-07-20 18:00:00,Suspicious,13,30
POST00227,SUS0137,Telegram,"Big deal coming this weekend, stay ready",2026-01-25 16:00:00,Neutral,152,70
POST00228,SUS0096,Facebook,"Big deal coming this weekend, stay ready",2026-07-03 02:00:00,Coded/Ambiguous,34,64
POST00229,SUS0040,Twitter/X,"Payment cleared, thanks bhai",2026-03-19 02:00:00,Neutral,229,5
POST00230,SUS0035,WhatsApp Status,Happy Diwali to all my brothers,2026-05-13 08:00:00,Neutral,240,68
POST00231,SUS0115,Twitter/X,New shipment arriving from border,2026-06-14 20:00:00,Neutral,144,72
POST00232,SUS0147,Twitter/X,New shipment arriving from border,2026-05-03 00:00:00,Suspicious,143,24
POST00233,SUS0080,Facebook,"Payment cleared, thanks bhai",2026-06-20 15:00:00,Neutral,157,39
POST00234,SUS0034,Twitter/X,Happy Diwali to all my brothers,2026-01-27 01:00:00,Neutral,412,2
POST00235,SUS0076,Instagram,"Big deal coming this weekend, stay ready",2026-08-04 12:00:00,Neutral,56,25
POST00236,SUS0032,Telegram,"Police checking naka near highway, be careful",2026-03-02 10:00:00,Neutral,292,38
POST00237,SUS0035,Facebook,"Match today, who's watching",2026-01-13 23:00:00,Threatening,350,16
POST00238,SUS0060,Telegram,Happy Diwali to all my brothers,2026-06-02 11:00:00,Threatening,66,10
POST00239,SUS0126,WhatsApp Status,"New phone number, save it",2026-04-07 02:00:00,Coded/Ambiguous,456,71
POST00240,SUS0150,Telegram,"New phone number, save it",2026-05-22 15:00:00,Coded/Ambiguous,251,54
POST00241,SUS0122,Facebook,"Police checking naka near highway, be careful",2026-07-08 14:00:00,Coded/Ambiguous,256,61
POST00242,SUS0119,WhatsApp Status,Package delivered successfully,2026-06-18 02:00:00,Threatening,274,10
POST00243,SUS0137,Facebook,"Lay low for few days, situation hot",2026-05-27 07:00:00,Suspicious,21,35
POST00244,SUS0130,Twitter/X,"Big deal coming this weekend, stay ready",2026-05-02 07:00:00,Neutral,300,32
POST00245,SUS0082,WhatsApp Status,"New phone number, save it",2026-03-29 23:00:00,Suspicious,413,10
POST00246,SUS0117,WhatsApp Status,New shipment arriving from border,2026-08-01 23:00:00,Neutral,284,3
POST00247,SUS0128,Twitter/X,Happy Diwali to all my brothers,2026-05-29 21:00:00,Threatening,126,80
POST00248,SUS0028,WhatsApp Status,"Police checking naka near highway, be careful",2026-03-31 15:00:00,Suspicious,98,72
POST00249,SUS0028,Telegram,"Police checking naka near highway, be careful",2026-07-16 17:00:00,Neutral,368,17
POST00250,SUS0009,Facebook,"Payment cleared, thanks bhai",2026-04-03 08:00:00,Suspicious,298,23
POST00251,SUS0115,Twitter/X,"Lay low for few days, situation hot",2026-01-21 21:00:00,Neutral,482,52
POST00252,SUS0059,Twitter/X,Happy Diwali to all my brothers,2026-05-13 10:00:00,Coded/Ambiguous,71,6
POST00253,SUS0120,WhatsApp Status,"Police checking naka near highway, be careful",2026-06-12 02:00:00,Neutral,336,35
POST00254,SUS0048,Instagram,"Police checking naka near highway, be careful",2026-01-15 21:00:00,Neutral,368,43
POST00255,SUS0057,Twitter/X,"Payment cleared, thanks bhai",2026-06-22 10:00:00,Neutral,230,66
POST00256,SUS0106,WhatsApp Status,"New phone number, save it",2026-04-27 14:00:00,Coded/Ambiguous,497,75
POST00257,SUS0043,Twitter/X,Package delivered successfully,2026-06-14 22:00:00,Coded/Ambiguous,390,4
POST00258,SUS0010,Twitter/X,"Big deal coming this weekend, stay ready",2026-04-27 04:00:00,Coded/Ambiguous,393,79
POST00259,SUS0080,Instagram,"Meet at the usual spot, 9pm sharp",2026-05-07 02:00:00,Threatening,206,13
POST00260,SUS0114,Twitter/X,"Match today, who's watching",2026-04-04 21:00:00,Suspicious,456,35
POST00261,SUS0025,Telegram,"Payment cleared, thanks bhai",2026-08-16 00:00:00,Suspicious,247,10
POST00262,SUS0134,Telegram,"Payment cleared, thanks bhai",2026-04-18 08:00:00,Neutral,64,37
POST00263,SUS0077,WhatsApp Status,"Big deal coming this weekend, stay ready",2026-07-30 15:00:00,Suspicious,280,53
POST00264,SUS0121,WhatsApp Status,"Big deal coming this weekend, stay ready",2026-01-22 03:00:00,Coded/Ambiguous,237,59
POST00265,SUS0004,Twitter/X,Package delivered successfully,2026-03-01 07:00:00,Neutral,354,36
POST00266,SUS0076,Instagram,"Match today, who's watching",2026-02-27 00:00:00,Neutral,430,48
POST00267,SUS0109,Telegram,"Lay low for few days, situation hot",2026-07-17 16:00:00,Coded/Ambiguous,336,32
POST00268,SUS0016,Facebook,"Big deal coming this weekend, stay ready",2026-07-13 06:00:00,Neutral,262,12
POST00269,SUS0119,WhatsApp Status,"Lay low for few days, situation hot",2026-04-24 19:00:00,Coded/Ambiguous,477,75
POST00270,SUS0147,Facebook,Happy Diwali to all my brothers,2026-02-06 08:00:00,Coded/Ambiguous,145,59
POST00271,SUS0006,Facebook,"Meet at the usual spot, 9pm sharp",2026-03-14 16:00:00,Neutral,30,11
POST00272,SUS0131,Twitter/X,New shipment arriving from border,2026-04-20 09:00:00,Neutral,416,33
POST00273,SUS0092,Twitter/X,"Police checking naka near highway, be careful",2026-06-26 12:00:00,Neutral,85,59
POST00274,SUS0095,Facebook,"Match today, who's watching",2026-06-02 02:00:00,Neutral,138,30
POST00275,SUS0118,Telegram,Package delivered successfully,2026-03-11 06:00:00,Neutral,412,60
POST00276,SUS0076,Facebook,"Police checking naka near highway, be careful",2026-01-08 22:00:00,Neutral,161,11
POST00277,SUS0040,Instagram,"Meet at the usual spot, 9pm sharp",2026-02-22 03:00:00,Coded/Ambiguous,55,8
POST00278,SUS0030,Twitter/X,Package delivered successfully,2026-06-01 00:00:00,Neutral,250,13
POST00279,SUS0064,Twitter/X,"Lay low for few days, situation hot",2026-07-08 12:00:00,Neutral,184,16
POST00280,SUS0046,Telegram,"Payment cleared, thanks bhai",2026-01-20 21:00:00,Neutral,401,56
POST00281,SUS0063,Facebook,New shipment arriving from border,2026-07-11 11:00:00,Suspicious,161,54
POST00282,SUS0031,Instagram,"Meet at the usual spot, 9pm sharp",2026-02-01 13:00:00,Coded/Ambiguous,342,79
POST00283,SUS0147,Facebook,"Payment cleared, thanks bhai",2026-07-03 19:00:00,Neutral,211,10
POST00284,SUS0137,Instagram,"Police checking naka near highway, be careful",2026-03-12 10:00:00,Neutral,274,19
POST00285,SUS0103,WhatsApp Status,"Lay low for few days, situation hot",2026-05-16 04:00:00,Neutral,54,34
POST00286,SUS0149,Facebook,"Payment cleared, thanks bhai",2026-07-29 21:00:00,Coded/Ambiguous,409,24
POST00287,SUS0035,Facebook,"New phone number, save it",2026-02-19 11:00:00,Neutral,422,44
POST00288,SUS0131,Instagram,New shipment arriving from border,2026-01-15 22:00:00,Coded/Ambiguous,448,21
POST00289,SUS0131,Telegram,"Police checking naka near highway, be careful",2026-05-13 00:00:00,Neutral,161,5
POST00290,SUS0128,Telegram,"New phone number, save it",2026-07-03 21:00:00,Neutral,413,27
POST00291,SUS0093,Instagram,Package delivered successfully,2026-03-08 09:00:00,Neutral,360,60
POST00292,SUS0127,Instagram,"Payment cleared, thanks bhai",2026-05-06 15:00:00,Neutral,289,49
POST00293,SUS0068,Telegram,New shipment arriving from border,2026-07-23 18:00:00,Neutral,144,6
POST00294,SUS0013,WhatsApp Status,Happy Diwali to all my brothers,2026-04-22 00:00:00,Suspicious,473,17
POST00295,SUS0100,Telegram,Happy Diwali to all my brothers,2026-03-18 17:00:00,Neutral,186,46
POST00296,SUS0054,WhatsApp Status,"Lay low for few days, situation hot",2026-05-08 14:00:00,Neutral,180,37
POST00297,SUS0098,Twitter/X,"Meet at the usual spot, 9pm sharp",2026-01-06 18:00:00,Neutral,453,32
POST00298,SUS0007,Instagram,"Police checking naka near highway, be careful",2026-04-30 05:00:00,Neutral,374,25
POST00299,SUS0112,WhatsApp Status,Happy Diwali to all my brothers,2026-01-12 02:00:00,Neutral,437,28
POST00300,SUS0037,Telegram,"Payment cleared, thanks bhai",2026-08-04 20:00:00,Suspicious,288,18
POST00301,SUS0102,Instagram,"Meet at the usual spot, 9pm sharp",2026-02-04 11:00:00,Threatening,103,15
POST00302,SUS0101,Twitter/X,New shipment arriving from border,2026-07-18 01:00:00,Neutral,332,29
POST00303,SUS0150,WhatsApp Status,"Lay low for few days, situation hot",2026-03-18 07:00:00,Suspicious,132,34
POST00304,SUS0040,Facebook,"Lay low for few days, situation hot",2026-04-28 17:00:00,Neutral,218,11
POST00305,SUS0128,Instagram,"Lay low for few days, situation hot",2026-06-01 08:00:00,Suspicious,172,39
POST00306,SUS0091,WhatsApp Status,"Police checking naka near highway, be careful",2026-07-02 19:00:00,Coded/Ambiguous,448,14
POST00307,SUS0045,Telegram,New shipment arriving from border,2026-04-25 23:00:00,Threatening,363,36
POST00308,SUS0037,Facebook,"Meet at the usual spot, 9pm sharp",2026-04-23 23:00:00,Suspicious,435,18
POST00309,SUS0072,Facebook,Package delivered successfully,2026-08-19 00:00:00,Neutral,201,16
POST00310,SUS0122,Instagram,"Match today, who's watching",2026-04-10 03:00:00,Suspicious,363,3
POST00311,SUS0071,Instagram,Happy Diwali to all my brothers,2026-01-11 08:00:00,Neutral,50,10
POST00312,SUS0042,Twitter/X,New shipment arriving from border,2026-05-22 12:00:00,Suspicious,493,2
POST00313,SUS0090,WhatsApp Status,Package delivered successfully,2026-01-02 04:00:00,Suspicious,82,4
POST00314,SUS0123,Instagram,"Payment cleared, thanks bhai",2026-07-18 20:00:00,Suspicious,300,45
POST00315,SUS0044,Telegram,Package delivered successfully,2026-07-23 16:00:00,Suspicious,251,61
POST00316,SUS0070,Instagram,"Lay low for few days, situation hot",2026-02-16 06:00:00,Neutral,111,29
POST00317,SUS0117,WhatsApp Status,Package delivered successfully,2026-02-19 23:00:00,Threatening,493,27
POST00318,SUS0108,Instagram,"Lay low for few days, situation hot",2026-07-17 23:00:00,Neutral,61,5
POST00319,SUS0004,Facebook,"Big deal coming this weekend, stay ready",2026-02-05 12:00:00,Suspicious,34,32
POST00320,SUS0050,WhatsApp Status,"Payment cleared, thanks bhai",2026-08-17 20:00:00,Coded/Ambiguous,197,72
POST00321,SUS0098,Twitter/X,New shipment arriving from border,2026-07-22 10:00:00,Coded/Ambiguous,184,45
POST00322,SUS0122,Twitter/X,"Big deal coming this weekend, stay ready",2026-03-05 03:00:00,Neutral,286,72
POST00323,SUS0144,Twitter/X,"New phone number, save it",2026-02-19 02:00:00,Suspicious,340,72
POST00324,SUS0093,Facebook,"Lay low for few days, situation hot",2026-01-14 15:00:00,Neutral,239,57
POST00325,SUS0059,Facebook,"Lay low for few days, situation hot",2026-01-27 04:00:00,Suspicious,455,35
POST00326,SUS0022,Facebook,"New phone number, save it",2026-07-09 09:00:00,Neutral,350,58
POST00327,SUS0096,Telegram,"Big deal coming this weekend, stay ready",2026-06-05 20:00:00,Suspicious,278,2
POST00328,SUS0001,Twitter/X,"Match today, who's watching",2026-06-05 01:00:00,Neutral,287,80
POST00329,SUS0123,Instagram,"Meet at the usual spot, 9pm sharp",2026-01-22 05:00:00,Suspicious,177,23
POST00330,SUS0063,Twitter/X,"Police checking naka near highway, be careful",2026-06-02 20:00:00,Suspicious,67,30
POST00331,SUS0054,WhatsApp Status,"Lay low for few days, situation hot",2026-01-20 10:00:00,Coded/Ambiguous,264,59
POST00332,SUS0090,WhatsApp Status,"Police checking naka near highway, be careful",2026-01-30 14:00:00,Suspicious,15,25
POST00333,SUS0043,Twitter/X,"New phone number, save it",2026-02-20 00:00:00,Suspicious,406,55
POST00334,SUS0001,Telegram,"Payment cleared, thanks bhai",2026-08-15 19:00:00,Coded/Ambiguous,172,1
POST00335,SUS0044,Facebook,"Payment cleared, thanks bhai",2026-07-23 23:00:00,Neutral,477,3
POST00336,SUS0013,Instagram,"New phone number, save it",2026-04-24 16:00:00,Suspicious,264,62
POST00337,SUS0084,Twitter/X,"New phone number, save it",2026-03-29 21:00:00,Neutral,300,43
POST00338,SUS0148,Instagram,"Payment cleared, thanks bhai",2026-07-12 03:00:00,Neutral,316,56
POST00339,SUS0046,Instagram,Happy Diwali to all my brothers,2026-08-19 07:00:00,Suspicious,346,50
POST00340,SUS0033,Instagram,"New phone number, save it",2026-04-25 05:00:00,Suspicious,53,69
POST00341,SUS0032,Facebook,Package delivered successfully,2026-03-15 22:00:00,Neutral,333,70
POST00342,SUS0070,Instagram,"Police checking naka near highway, be careful",2026-07-15 21:00:00,Coded/Ambiguous,464,51
POST00343,SUS0038,Facebook,Happy Diwali to all my brothers,2026-01-28 15:00:00,Neutral,475,37
POST00344,SUS0052,Telegram,"Payment cleared, thanks bhai",2026-08-08 18:00:00,Neutral,229,32
POST00345,SUS0009,Telegram,"New phone number, save it",2026-04-24 17:00:00,Suspicious,288,65
POST00346,SUS0093,Twitter/X,"Match today, who's watching",2026-05-17 10:00:00,Neutral,490,11
POST00347,SUS0014,Facebook,Happy Diwali to all my brothers,2026-04-12 20:00:00,Suspicious,500,54
POST00348,SUS0075,WhatsApp Status,"Match today, who's watching",2026-01-24 16:00:00,Suspicious,230,68
POST00349,SUS0082,Facebook,"Match today, who's watching",2026-02-25 14:00:00,Neutral,142,73
POST00350,SUS0055,Instagram,Happy Diwali to all my brothers,2026-08-13 03:00:00,Threatening,346,76
POST00351,SUS0134,Telegram,New shipment arriving from border,2026-02-07 08:00:00,Coded/Ambiguous,279,1
POST00352,SUS0070,WhatsApp Status,"Payment cleared, thanks bhai",2026-04-23 00:00:00,Neutral,102,49
POST00353,SUS0089,WhatsApp Status,"Match today, who's watching",2026-01-18 16:00:00,Neutral,91,55
POST00354,SUS0036,Facebook,New shipment arriving from border,2026-07-13 01:00:00,Suspicious,240,26
POST00355,SUS0088,Telegram,"Meet at the usual spot, 9pm sharp",2026-07-18 15:00:00,Neutral,456,61
POST00356,SUS0048,WhatsApp Status,New shipment arriving from border,2026-01-19 04:00:00,Neutral,399,43
POST00357,SUS0118,WhatsApp Status,"Lay low for few days, situation hot",2026-06-18 16:00:00,Neutral,58,47
POST00358,SUS0060,Telegram,"Payment cleared, thanks bhai",2026-02-06 22:00:00,Neutral,194,2
POST00359,SUS0002,Instagram,"Big deal coming this weekend, stay ready",2026-05-29 17:00:00,Coded/Ambiguous,469,62
POST00360,SUS0138,Facebook,"Lay low for few days, situation hot",2026-02-24 13:00:00,Neutral,15,25
POST00361,SUS0069,Facebook,Happy Diwali to all my brothers,2026-01-19 07:00:00,Neutral,64,75
POST00362,SUS0132,WhatsApp Status,"New phone number, save it",2026-03-24 13:00:00,Neutral,439,56
POST00363,SUS0113,Telegram,"Match today, who's watching",2026-07-28 00:00:00,Coded/Ambiguous,22,3
POST00364,SUS0128,Facebook,"Meet at the usual spot, 9pm sharp",2026-03-11 12:00:00,Coded/Ambiguous,126,56
POST00365,SUS0009,Telegram,"Lay low for few days, situation hot",2026-01-14 08:00:00,Neutral,158,36
POST00366,SUS0051,Telegram,"Match today, who's watching",2026-04-10 17:00:00,Neutral,122,64
POST00367,SUS0118,Telegram,"Meet at the usual spot, 9pm sharp",2026-04-22 05:00:00,Coded/Ambiguous,362,62
POST00368,SUS0078,Instagram,"Police checking naka near highway, be careful",2026-08-02 00:00:00,Neutral,426,64
POST00369,SUS0112,WhatsApp Status,"New phone number, save it",2026-04-20 03:00:00,Neutral,370,63
POST00370,SUS0079,Instagram,Package delivered successfully,2026-01-18 08:00:00,Suspicious,451,29
POST00371,SUS0017,Telegram,"Lay low for few days, situation hot",2026-03-06 03:00:00,Suspicious,88,53
POST00372,SUS0054,Facebook,"Lay low for few days, situation hot",2026-07-01 08:00:00,Neutral,69,26
POST00373,SUS0057,Facebook,"New phone number, save it",2026-05-28 18:00:00,Coded/Ambiguous,62,40
POST00374,SUS0145,Twitter/X,"Big deal coming this weekend, stay ready",2026-07-21 00:00:00,Suspicious,108,17
POST00375,SUS0002,Instagram,"Payment cleared, thanks bhai",2026-03-16 22:00:00,Coded/Ambiguous,472,44
POST00376,SUS0108,Instagram,"Meet at the usual spot, 9pm sharp",2026-04-27 15:00:00,Neutral,56,59
POST00377,SUS0098,WhatsApp Status,"Payment cleared, thanks bhai",2026-04-10 00:00:00,Neutral,301,29
POST00378,SUS0148,Instagram,Happy Diwali to all my brothers,2026-01-22 03:00:00,Suspicious,189,56
POST00379,SUS0103,Telegram,"Match today, who's watching",2026-05-06 21:00:00,Threatening,477,47
POST00380,SUS0122,Instagram,Happy Diwali to all my brothers,2026-07-04 13:00:00,Suspicious,246,50
POST00381,SUS0012,Instagram,Package delivered successfully,2026-05-24 11:00:00,Neutral,435,17
POST00382,SUS0112,Twitter/X,"Police checking naka near highway, be careful",2026-03-21 10:00:00,Coded/Ambiguous,251,46
POST00383,SUS0016,Telegram,"Lay low for few days, situation hot",2026-03-15 18:00:00,Suspicious,270,17
POST00384,SUS0143,Instagram,Package delivered successfully,2026-05-09 15:00:00,Suspicious,379,35
POST00385,SUS0037,WhatsApp Status,Happy Diwali to all my brothers,2026-02-12 00:00:00,Neutral,185,5
POST00386,SUS0107,WhatsApp Status,Package delivered successfully,2026-08-16 19:00:00,Suspicious,239,29
POST00387,SUS0135,Telegram,"Payment cleared, thanks bhai",2026-04-21 21:00:00,Neutral,409,61
POST00388,SUS0036,Twitter/X,Happy Diwali to all my brothers,2026-03-20 13:00:00,Neutral,125,20
POST00389,SUS0023,WhatsApp Status,"Big deal coming this weekend, stay ready",2026-03-07 07:00:00,Neutral,356,24
POST00390,SUS0146,Twitter/X,New shipment arriving from border,2026-07-30 07:00:00,Coded/Ambiguous,55,14
POST00391,SUS0131,Instagram,"Big deal coming this weekend, stay ready",2026-03-09 21:00:00,Suspicious,256,68
POST00392,SUS0083,Facebook,"Match today, who's watching",2026-03-29 16:00:00,Neutral,356,37
POST00393,SUS0092,Twitter/X,Happy Diwali to all my brothers,2026-02-09 18:00:00,Neutral,141,24
POST00394,SUS0106,WhatsApp Status,"Payment cleared, thanks bhai",2026-06-05 14:00:00,Neutral,108,40
POST00395,SUS0019,Facebook,"Lay low for few days, situation hot",2026-08-28 14:00:00,Coded/Ambiguous,332,64
POST00396,SUS0117,Telegram,New shipment arriving from border,2026-07-02 02:00:00,Neutral,489,54
POST00397,SUS0111,WhatsApp Status,New shipment arriving from border,2026-08-13 07:00:00,Coded/Ambiguous,364,73
POST00398,SUS0091,Instagram,"New phone number, save it",2026-07-01 23:00:00,Suspicious,34,59
POST00399,SUS0137,Telegram,"Police checking naka near highway, be careful",2026-08-25 04:00:00,Coded/Ambiguous,462,5
POST00400,SUS0032,Telegram,"Lay low for few days, situation hot",2026-06-03 19:00:00,Coded/Ambiguous,66,33
POST00401,SUS0109,Telegram,"Payment cleared, thanks bhai",2026-08-28 19:00:00,Suspicious,360,21
POST00402,SUS0051,Telegram,"New phone number, save it",2026-04-11 21:00:00,Neutral,268,46
POST00403,SUS0030,Telegram,"Match today, who's watching",2026-05-05 18:00:00,Neutral,289,77
POST00404,SUS0013,Telegram,Package delivered successfully,2026-01-24 00:00:00,Suspicious,416,9
POST00405,SUS0015,Facebook,"Police checking naka near highway, be careful",2026-06-23 19:00:00,Coded/Ambiguous,428,1
POST00406,SUS0049,Facebook,"Match today, who's watching",2026-05-19 21:00:00,Neutral,63,46
POST00407,SUS0020,Telegram,"Payment cleared, thanks bhai",2026-05-27 01:00:00,Coded/Ambiguous,87,39
POST00408,SUS0070,Twitter/X,Package delivered successfully,2026-04-17 22:00:00,Neutral,200,43
POST00409,SUS0109,Instagram,New shipment arriving from border,2026-04-15 06:00:00,Suspicious,18,66
POST00410,SUS0040,Instagram,Package delivered successfully,2026-03-15 06:00:00,Neutral,123,68
POST00411,SUS0024,Telegram,New shipment arriving from border,2026-03-12 00:00:00,Neutral,160,40
POST00412,SUS0135,Facebook,"Meet at the usual spot, 9pm sharp",2026-08-03 09:00:00,Suspicious,31,18
POST00413,SUS0073,Instagram,New shipment arriving from border,2026-05-16 09:00:00,Threatening,25,62
POST00414,SUS0072,Facebook,"Lay low for few days, situation hot",2026-04-05 00:00:00,Neutral,482,23
POST00415,SUS0132,Telegram,"Lay low for few days, situation hot",2026-01-14 18:00:00,Suspicious,12,17
POST00416,SUS0068,Facebook,"Payment cleared, thanks bhai",2026-03-11 00:00:00,Coded/Ambiguous,44,3
POST00417,SUS0004,Facebook,"Meet at the usual spot, 9pm sharp",2026-04-30 15:00:00,Suspicious,120,42
POST00418,SUS0062,Facebook,"Match today, who's watching",2026-08-29 04:00:00,Suspicious,250,55
POST00419,SUS0091,Telegram,"Match today, who's watching",2026-03-29 08:00:00,Neutral,65,56
POST00420,SUS0092,WhatsApp Status,"Police checking naka near highway, be careful",2026-05-02 07:00:00,Neutral,474,13
POST00421,SUS0074,Telegram,Package delivered successfully,2026-04-30 03:00:00,Coded/Ambiguous,219,13
POST00422,SUS0087,WhatsApp Status,New shipment arriving from border,2026-08-17 21:00:00,Suspicious,381,16
POST00423,SUS0069,Twitter/X,"Big deal coming this weekend, stay ready",2026-02-15 14:00:00,Coded/Ambiguous,177,7
POST00424,SUS0026,WhatsApp Status,New shipment arriving from border,2026-02-23 08:00:00,Suspicious,25,55
POST00425,SUS0041,Instagram,"New phone number, save it",2026-05-01 19:00:00,Coded/Ambiguous,258,23
POST00426,SUS0074,WhatsApp Status,"Match today, who's watching",2026-07-27 14:00:00,Neutral,35,16
POST00427,SUS0012,Twitter/X,"Meet at the usual spot, 9pm sharp",2026-02-26 14:00:00,Suspicious,75,56
POST00428,SUS0089,Instagram,"Lay low for few days, situation hot",2026-06-03 07:00:00,Suspicious,161,59
POST00429,SUS0023,Twitter/X,"Meet at the usual spot, 9pm sharp",2026-03-15 05:00:00,Threatening,215,23
POST00430,SUS0046,Instagram,Happy Diwali to all my brothers,2026-01-09 22:00:00,Coded/Ambiguous,306,11
POST00431,SUS0012,Facebook,"Payment cleared, thanks bhai",2026-01-01 22:00:00,Coded/Ambiguous,201,32
POST00432,SUS0056,Facebook,"Payment cleared, thanks bhai",2026-04-11 08:00:00,Neutral,383,72
POST00433,SUS0108,Twitter/X,"Payment cleared, thanks bhai",2026-05-31 02:00:00,Neutral,323,7
POST00434,SUS0119,Telegram,Package delivered successfully,2026-06-11 04:00:00,Coded/Ambiguous,203,64
POST00435,SUS0062,WhatsApp Status,"Match today, who's watching",2026-03-23 05:00:00,Suspicious,462,57
POST00436,SUS0140,WhatsApp Status,"Match today, who's watching",2026-03-23 21:00:00,Neutral,468,27
POST00437,SUS0049,Twitter/X,New shipment arriving from border,2026-05-19 11:00:00,Neutral,301,5
POST00438,SUS0016,Facebook,New shipment arriving from border,2026-06-20 13:00:00,Suspicious,175,65
POST00439,SUS0109,Instagram,"Match today, who's watching",2026-06-15 15:00:00,Coded/Ambiguous,206,47
POST00440,SUS0142,Instagram,"Match today, who's watching",2026-04-16 03:00:00,Neutral,493,59
POST00441,SUS0008,Facebook,"Payment cleared, thanks bhai",2026-03-03 09:00:00,Coded/Ambiguous,112,23
POST00442,SUS0074,Telegram,"Police checking naka near highway, be careful",2026-07-29 12:00:00,Suspicious,438,67
POST00443,SUS0073,Telegram,"Police checking naka near highway, be careful",2026-08-29 02:00:00,Neutral,376,25
POST00444,SUS0086,Instagram,"Police checking naka near highway, be careful",2026-01-31 14:00:00,Suspicious,498,8
POST00445,SUS0132,Telegram,"Match today, who's watching",2026-04-04 03:00:00,Neutral,183,72
POST00446,SUS0093,Telegram,Happy Diwali to all my brothers,2026-08-22 18:00:00,Neutral,6,5
POST00447,SUS0059,Facebook,"Match today, who's watching",2026-06-30 07:00:00,Threatening,93,72
POST00448,SUS0102,Facebook,"New phone number, save it",2026-07-08 08:00:00,Neutral,45,1
POST00449,SUS0145,Instagram,Package delivered successfully,2026-02-10 05:00:00,Neutral,173,45
POST00450,SUS0123,Facebook,"Police checking naka near highway, be careful",2026-08-23 18:00:00,Coded/Ambiguous,232,16
POST00451,SUS0059,Twitter/X,Happy Diwali to all my brothers,2026-05-05 12:00:00,Neutral,145,18
POST00452,SUS0110,Telegram,"Big deal coming this weekend, stay ready",2026-03-20 06:00:00,Neutral,23,69
POST00453,SUS0020,WhatsApp Status,Package delivered successfully,2026-02-26 15:00:00,Neutral,73,15
POST00454,SUS0005,Facebook,"Police checking naka near highway, be careful",2026-06-08 06:00:00,Suspicious,159,24
POST00455,SUS0040,Instagram,"Police checking naka near highway, be careful",2026-02-12 19:00:00,Neutral,290,50
POST00456,SUS0035,Telegram,"Big deal coming this weekend, stay ready",2026-05-23 08:00:00,Suspicious,346,75
POST00457,SUS0085,Telegram,"Big deal coming this weekend, stay ready",2026-02-20 19:00:00,Coded/Ambiguous,275,27
POST00458,SUS0076,WhatsApp Status,Happy Diwali to all my brothers,2026-07-12 15:00:00,Suspicious,12,6
POST00459,SUS0113,Telegram,"Payment cleared, thanks bhai",2026-05-10 04:00:00,Neutral,200,48
POST00460,SUS0080,Twitter/X,New shipment arriving from border,2026-06-26 17:00:00,Suspicious,348,72
POST00461,SUS0080,Instagram,Happy Diwali to all my brothers,2026-02-23 16:00:00,Suspicious,463,2
POST00462,SUS0136,Telegram,"Lay low for few days, situation hot",2026-03-25 10:00:00,Neutral,84,73
POST00463,SUS0123,Facebook,Happy Diwali to all my brothers,2026-07-22 05:00:00,Neutral,107,18
POST00464,SUS0084,Instagram,Package delivered successfully,2026-04-25 23:00:00,Suspicious,367,52
POST00465,SUS0139,Telegram,"Lay low for few days, situation hot",2026-07-29 22:00:00,Threatening,492,7
POST00466,SUS0070,Facebook,New shipment arriving from border,2026-04-30 05:00:00,Threatening,129,32
POST00467,SUS0111,Twitter/X,"Meet at the usual spot, 9pm sharp",2026-04-17 12:00:00,Neutral,479,38
POST00468,SUS0099,WhatsApp Status,"Big deal coming this weekend, stay ready",2026-01-23 17:00:00,Coded/Ambiguous,202,21
POST00469,SUS0129,WhatsApp Status,Happy Diwali to all my brothers,2026-07-28 17:00:00,Threatening,356,66
POST00470,SUS0121,WhatsApp Status,"Payment cleared, thanks bhai",2026-06-07 05:00:00,Coded/Ambiguous,457,32
POST00471,SUS0005,WhatsApp Status,"Lay low for few days, situation hot",2026-07-13 07:00:00,Neutral,490,54
POST00472,SUS0083,Instagram,New shipment arriving from border,2026-04-17 02:00:00,Suspicious,24,71
POST00473,SUS0139,WhatsApp Status,New shipment arriving from border,2026-02-28 22:00:00,Coded/Ambiguous,126,69
POST00474,SUS0008,Instagram,"Lay low for few days, situation hot",2026-02-01 12:00:00,Threatening,240,53
POST00475,SUS0150,Telegram,New shipment arriving from border,2026-01-18 04:00:00,Suspicious,308,31
POST00476,SUS0142,Facebook,"Meet at the usual spot, 9pm sharp",2026-07-26 00:00:00,Threatening,81,3
POST00477,SUS0020,Instagram,"Meet at the usual spot, 9pm sharp",2026-04-09 06:00:00,Suspicious,92,3
POST00478,SUS0002,Instagram,New shipment arriving from border,2026-06-10 04:00:00,Suspicious,77,27
POST00479,SUS0019,Telegram,New shipment arriving from border,2026-08-26 06:00:00,Coded/Ambiguous,326,27
POST00480,SUS0018,Twitter/X,"Lay low for few days, situation hot",2026-03-16 00:00:00,Suspicious,85,62
POST00481,SUS0012,Telegram,"Meet at the usual spot, 9pm sharp",2026-02-16 07:00:00,Suspicious,247,23
POST00482,SUS0009,WhatsApp Status,Package delivered successfully,2026-08-02 03:00:00,Suspicious,9,31
POST00483,SUS0026,Telegram,"Match today, who's watching",2026-06-19 14:00:00,Suspicious,462,73
POST00484,SUS0004,WhatsApp Status,"Big deal coming this weekend, stay ready",2026-01-02 22:00:00,Suspicious,327,10
POST00485,SUS0119,Facebook,New shipment arriving from border,2026-04-07 10:00:00,Coded/Ambiguous,480,37
POST00486,SUS0080,WhatsApp Status,"Payment cleared, thanks bhai",2026-05-16 07:00:00,Coded/Ambiguous,465,61
POST00487,SUS0030,Telegram,"Police checking naka near highway, be careful",2026-04-06 02:00:00,Neutral,155,55
POST00488,SUS0030,WhatsApp Status,"Big deal coming this weekend, stay ready",2026-01-30 14:00:00,Coded/Ambiguous,231,1
POST00489,SUS0035,Twitter/X,"New phone number, save it",2026-05-04 04:00:00,Coded/Ambiguous,432,32
POST00490,SUS0014,WhatsApp Status,New shipment arriving from border,2026-01-12 19:00:00,Suspicious,4,69
POST00491,SUS0052,Facebook,"Lay low for few days, situation hot",2026-03-14 20:00:00,Suspicious,428,26
POST00492,SUS0043,WhatsApp Status,"Big deal coming this weekend, stay ready",2026-01-29 12:00:00,Neutral,445,27
POST00493,SUS0046,Facebook,"Meet at the usual spot, 9pm sharp",2026-03-09 22:00:00,Suspicious,349,44
POST00494,SUS0048,Facebook,Happy Diwali to all my brothers,2026-07-02 14:00:00,Neutral,335,5
POST00495,SUS0042,Telegram,"Meet at the usual spot, 9pm sharp",2026-01-23 07:00:00,Neutral,288,44
POST00496,SUS0075,Telegram,New shipment arriving from border,2026-02-12 16:00:00,Neutral,252,3
POST00497,SUS0026,Twitter/X,Happy Diwali to all my brothers,2026-07-11 02:00:00,Suspicious,57,55
POST00498,SUS0120,Facebook,"New phone number, save it",2026-07-23 23:00:00,Suspicious,487,76
POST00499,SUS0002,WhatsApp Status,"Meet at the usual spot, 9pm sharp",2026-02-15 10:00:00,Neutral,203,32
POST00500,SUS0044,Facebook,New shipment arriving from border,2026-04-21 14:00:00,Threatening,87,5
POST00501,SUS0147,Instagram,"Match today, who's watching",2026-03-18 02:00:00,Suspicious,106,2
POST00502,SUS0073,Twitter/X,"Police checking naka near highway, be careful",2026-06-22 00:00:00,Threatening,311,66
POST00503,SUS0072,Twitter/X,"Big deal coming this weekend, stay ready",2026-07-19 02:00:00,Suspicious,229,41
POST00504,SUS0082,Facebook,"Payment cleared, thanks bhai",2026-01-01 16:00:00,Suspicious,280,37
POST00505,SUS0106,Telegram,"Match today, who's watching",2026-08-26 15:00:00,Neutral,258,32
POST00506,SUS0112,Twitter/X,"Match today, who's watching",2026-04-26 19:00:00,Neutral,286,29
POST00507,SUS0007,Instagram,Happy Diwali to all my brothers,2026-06-16 14:00:00,Neutral,425,5
POST00508,SUS0087,Twitter/X,New shipment arriving from border,2026-08-28 16:00:00,Neutral,43,63
POST00509,SUS0042,Telegram,"Match today, who's watching",2026-04-24 05:00:00,Suspicious,124,17
POST00510,SUS0141,WhatsApp Status,"Big deal coming this weekend, stay ready",2026-02-17 18:00:00,Neutral,464,30
POST00511,SUS0034,Facebook,"Meet at the usual spot, 9pm sharp",2026-01-03 11:00:00,Neutral,32,24
POST00512,SUS0066,WhatsApp Status,New shipment arriving from border,2026-01-08 13:00:00,Coded/Ambiguous,15,9
POST00513,SUS0011,Telegram,Package delivered successfully,2026-04-04 00:00:00,Neutral,161,8
POST00514,SUS0017,Telegram,"Payment cleared, thanks bhai",2026-06-22 15:00:00,Coded/Ambiguous,410,9
POST00515,SUS0023,Instagram,Happy Diwali to all my brothers,2026-04-28 01:00:00,Neutral,480,56
POST00516,SUS0146,Facebook,"New phone number, save it",2026-04-22 16:00:00,Suspicious,322,11
POST00517,SUS0042,WhatsApp Status,"Big deal coming this weekend, stay ready",2026-08-17 08:00:00,Suspicious,12,39
POST00518,SUS0077,WhatsApp Status,"Meet at the usual spot, 9pm sharp",2026-05-20 21:00:00,Coded/Ambiguous,336,66
POST00519,SUS0031,Instagram,"Meet at the usual spot, 9pm sharp",2026-05-28 01:00:00,Neutral,420,42
POST00520,SUS0105,Telegram,Happy Diwali to all my brothers,2026-05-08 22:00:00,Suspicious,461,9
POST00521,SUS0150,Telegram,Package delivered successfully,2026-08-09 10:00:00,Neutral,377,3
POST00522,SUS0025,Twitter/X,"Lay low for few days, situation hot",2026-05-04 01:00:00,Neutral,230,54
POST00523,SUS0079,Telegram,"Match today, who's watching",2026-03-26 02:00:00,Coded/Ambiguous,388,5
POST00524,SUS0034,Instagram,New shipment arriving from border,2026-08-15 04:00:00,Suspicious,360,44
POST00525,SUS0059,Telegram,"New phone number, save it",2026-03-20 14:00:00,Coded/Ambiguous,235,17
POST00526,SUS0083,Instagram,Package delivered successfully,2026-08-09 06:00:00,Neutral,325,75
POST00527,SUS0047,Telegram,"New phone number, save it",2026-05-17 08:00:00,Suspicious,401,30
POST00528,SUS0093,Telegram,"Match today, who's watching",2026-07-01 16:00:00,Neutral,490,21
POST00529,SUS0049,Twitter/X,"Police checking naka near highway, be careful",2026-02-25 20:00:00,Threatening,83,32
POST00530,SUS0008,Telegram,New shipment arriving from border,2026-08-17 19:00:00,Suspicious,340,54
POST00531,SUS0051,Telegram,"New phone number, save it",2026-07-02 19:00:00,Neutral,146,68
POST00532,SUS0074,WhatsApp Status,"Match today, who's watching",2026-03-10 04:00:00,Neutral,119,40
POST00533,SUS0101,Facebook,"Police checking naka near highway, be careful",2026-07-23 21:00:00,Neutral,308,9
POST00534,SUS0142,Telegram,Happy Diwali to all my brothers,2026-07-07 17:00:00,Suspicious,85,19
POST00535,SUS0122,Instagram,New shipment arriving from border,2026-03-05 10:00:00,Coded/Ambiguous,458,0
POST00536,SUS0100,Telegram,"Big deal coming this weekend, stay ready",2026-06-11 05:00:00,Coded/Ambiguous,217,24
POST00537,SUS0063,Facebook,"Meet at the usual spot, 9pm sharp",2026-03-11 01:00:00,Neutral,47,47
POST00538,SUS0102,Instagram,"Payment cleared, thanks bhai",2026-06-26 06:00:00,Coded/Ambiguous,90,53
POST00539,SUS0055,Facebook,"New phone number, save it",2026-04-13 05:00:00,Suspicious,454,27
POST00540,SUS0050,Instagram,"Big deal coming this weekend, stay ready",2026-04-04 14:00:00,Neutral,186,46
POST00541,SUS0031,Instagram,"Payment cleared, thanks bhai",2026-07-09 20:00:00,Neutral,478,18
POST00542,SUS0022,WhatsApp Status,"Match today, who's watching",2026-01-20 03:00:00,Neutral,135,37
POST00543,SUS0146,Twitter/X,"Payment cleared, thanks bhai",2026-03-27 15:00:00,Neutral,323,70
POST00544,SUS0137,Instagram,Package delivered successfully,2026-07-03 09:00:00,Coded/Ambiguous,193,30
POST00545,SUS0130,Twitter/X,"Meet at the usual spot, 9pm sharp",2026-01-29 11:00:00,Neutral,62,52
POST00546,SUS0070,Instagram,"Lay low for few days, situation hot",2026-07-12 15:00:00,Neutral,338,49
POST00547,SUS0074,Telegram,"Lay low for few days, situation hot",2026-02-15 18:00:00,Coded/Ambiguous,88,32
POST00548,SUS0113,WhatsApp Status,"Police checking naka near highway, be careful",2026-07-06 06:00:00,Neutral,316,67
POST00549,SUS0127,Instagram,"Lay low for few days, situation hot",2026-04-06 20:00:00,Coded/Ambiguous,122,0
POST00550,SUS0016,Twitter/X,"Meet at the usual spot, 9pm sharp",2026-04-29 10:00:00,Neutral,408,67
POST00551,SUS0057,Facebook,"Match today, who's watching",2026-08-08 08:00:00,Coded/Ambiguous,469,30
POST00552,SUS0013,Instagram,"New phone number, save it",2026-03-28 14:00:00,Neutral,378,25
POST00553,SUS0020,Instagram,"New phone number, save it",2026-01-07 23:00:00,Neutral,207,38
POST00554,SUS0062,Telegram,"New phone number, save it",2026-07-10 15:00:00,Suspicious,481,21
POST00555,SUS0079,Twitter/X,"Big deal coming this weekend, stay ready",2026-02-22 23:00:00,Coded/Ambiguous,471,34
POST00556,SUS0107,WhatsApp Status,Happy Diwali to all my brothers,2026-01-04 13:00:00,Threatening,199,14
POST00557,SUS0007,Telegram,Happy Diwali to all my brothers,2026-04-07 19:00:00,Neutral,467,39
POST00558,SUS0027,Telegram,"Meet at the usual spot, 9pm sharp",2026-08-14 04:00:00,Suspicious,306,80
POST00559,SUS0010,Instagram,"Big deal coming this weekend, stay ready",2026-04-09 10:00:00,Suspicious,224,10
POST00560,SUS0090,Facebook,"Meet at the usual spot, 9pm sharp",2026-05-29 00:00:00,Neutral,163,0
POST00561,SUS0036,Twitter/X,"Meet at the usual spot, 9pm sharp",2026-07-06 06:00:00,Suspicious,465,32
POST00562,SUS0014,WhatsApp Status,Package delivered successfully,2026-02-17 15:00:00,Suspicious,277,53
POST00563,SUS0131,Facebook,Package delivered successfully,2026-02-28 20:00:00,Neutral,30,70
POST00564,SUS0101,WhatsApp Status,"Payment cleared, thanks bhai",2026-08-16 02:00:00,Threatening,280,37
POST00565,SUS0037,Telegram,"Match today, who's watching",2026-04-06 01:00:00,Suspicious,316,77
POST00566,SUS0116,Twitter/X,Package delivered successfully,2026-05-10 08:00:00,Neutral,331,8
POST00567,SUS0074,Telegram,"Payment cleared, thanks bhai",2026-01-22 08:00:00,Neutral,7,60
POST00568,SUS0058,WhatsApp Status,Package delivered successfully,2026-08-04 15:00:00,Neutral,469,54
POST00569,SUS0018,WhatsApp Status,"Lay low for few days, situation hot",2026-07-03 11:00:00,Neutral,360,41
POST00570,SUS0070,Facebook,"Match today, who's watching",2026-04-27 10:00:00,Suspicious,458,62
POST00571,SUS0129,Instagram,New shipment arriving from border,2026-02-13 18:00:00,Neutral,255,61
POST00572,SUS0148,Facebook,"Lay low for few days, situation hot",2026-05-01 21:00:00,Suspicious,199,56
POST00573,SUS0112,Twitter/X,"Payment cleared, thanks bhai",2026-01-05 15:00:00,Threatening,20,47
POST00574,SUS0056,Twitter/X,"New phone number, save it",2026-06-04 08:00:00,Neutral,395,35
POST00575,SUS0059,Telegram,New shipment arriving from border,2026-05-26 01:00:00,Neutral,379,3
POST00576,SUS0035,WhatsApp Status,"New phone number, save it",2026-05-16 11:00:00,Suspicious,323,49
POST00577,SUS0109,Instagram,"Lay low for few days, situation hot",2026-07-03 00:00:00,Suspicious,157,59
POST00578,SUS0101,Facebook,"Police checking naka near highway, be careful",2026-01-05 15:00:00,Coded/Ambiguous,44,7
POST00579,SUS0023,Facebook,Package delivered successfully,2026-05-09 09:00:00,Neutral,194,39
POST00580,SUS0074,Facebook,"New phone number, save it",2026-08-23 03:00:00,Neutral,437,35
POST00581,SUS0089,WhatsApp Status,"Big deal coming this weekend, stay ready",2026-05-30 09:00:00,Suspicious,324,29
POST00582,SUS0083,Instagram,New shipment arriving from border,2026-04-14 11:00:00,Neutral,328,31
POST00583,SUS0121,Telegram,"Lay low for few days, situation hot",2026-07-17 14:00:00,Neutral,370,53
POST00584,SUS0093,Telegram,"Match today, who's watching",2026-07-18 10:00:00,Coded/Ambiguous,448,32
POST00585,SUS0144,Facebook,"Police checking naka near highway, be careful",2026-07-27 23:00:00,Threatening,169,9
POST00586,SUS0044,Telegram,"New phone number, save it",2026-02-13 10:00:00,Coded/Ambiguous,234,75
POST00587,SUS0014,Facebook,"Match today, who's watching",2026-01-22 21:00:00,Coded/Ambiguous,436,20
POST00588,SUS0123,WhatsApp Status,Package delivered successfully,2026-05-31 20:00:00,Suspicious,351,54
POST00589,SUS0084,Telegram,New shipment arriving from border,2026-08-13 05:00:00,Threatening,254,32
POST00590,SUS0150,Twitter/X,"Lay low for few days, situation hot",2026-08-28 18:00:00,Neutral,419,28
POST00591,SUS0133,Twitter/X,"Big deal coming this weekend, stay ready",2026-03-28 08:00:00,Suspicious,286,33
POST00592,SUS0023,Instagram,"Meet at the usual spot, 9pm sharp",2026-03-29 18:00:00,Coded/Ambiguous,73,53
POST00593,SUS0145,Facebook,"Match today, who's watching",2026-07-09 10:00:00,Coded/Ambiguous,428,69
POST00594,SUS0088,WhatsApp Status,New shipment arriving from border,2026-01-18 22:00:00,Suspicious,445,61
POST00595,SUS0097,Instagram,"Police checking naka near highway, be careful",2026-06-30 07:00:00,Neutral,213,9
POST00596,SUS0080,Twitter/X,Happy Diwali to all my brothers,2026-02-03 23:00:00,Threatening,138,7
POST00597,SUS0131,Facebook,"Big deal coming this weekend, stay ready",2026-04-01 04:00:00,Neutral,104,33
POST00598,SUS0105,WhatsApp Status,"New phone number, save it",2026-01-20 02:00:00,Suspicious,253,24
POST00599,SUS0115,Instagram,Package delivered successfully,2026-02-06 16:00:00,Suspicious,308,24
POST00600,SUS0056,WhatsApp Status,"Big deal coming this weekend, stay ready",2026-06-27 16:00:00,Neutral,33,61
